0.867262	0.847497	0.815995	0.779587	0.754245	0.726968	0.706327	0.695393	0.690692	0.691235	0.692486	0.688298	0.687034	0.686064	0.686587	0.686026	0.690196	0.689424	0.689837	0.688977	0.688624	0.686041	0.681137	0.6749	0.673438	0.668765
0.849225	0.830451	0.797537	0.760971	0.737443	0.710193	0.689816	0.678611	0.673321	0.673783	0.674515	0.670536	0.669018	0.668002	0.669278	0.668217	0.672003	0.671565	0.672892	0.671818	0.670679	0.668179	0.663181	0.657034	0.656176	0.651383
0.82693	0.80962	0.77766	0.742307	0.719472	0.694452	0.674403	0.663125	0.658021	0.658617	0.65929	0.655375	0.653877	0.652604	0.653337	0.652604	0.656954	0.656632	0.656988	0.656048	0.655447	0.652444	0.647612	0.642078	0.640484	0.635788
0.791925	0.775241	0.744356	0.711303	0.691433	0.668707	0.65139	0.640944	0.636344	0.636801	0.637313	0.633689	0.631497	0.630675	0.631735	0.631002	0.634557	0.633928	0.634447	0.633811	0.63308	0.630557	0.625583	0.620031	0.619202	0.61411
0.744124	0.731714	0.70106	0.671122	0.65546	0.63714	0.623009	0.613627	0.608933	0.609506	0.610069	0.606389	0.604686	0.603706	0.604978	0.603647	0.606848	0.606634	0.606855	0.606722	0.605191	0.6028	0.598067	0.592515	0.591555	0.586728
0.702775	0.690757	0.664229	0.636572	0.624051	0.609493	0.596626	0.58819	0.585056	0.58557	0.585934	0.582208	0.580448	0.579096	0.579608	0.578811	0.582804	0.581903	0.582325	0.581935	0.580441	0.578544	0.57337	0.568941	0.567261	0.562853
0.662032	0.6519	0.626586	0.602969	0.593189	0.581773	0.571248	0.564675	0.560985	0.561627	0.56225	0.558977	0.556517	0.555109	0.555508	0.555518	0.558299	0.558093	0.559222	0.558351	0.557072	0.554752	0.550312	0.544528	0.543944	0.539619
0.622165	0.612277	0.590889	0.57016	0.563932	0.55414	0.54595	0.540312	0.536884	0.53802	0.538452	0.534776	0.532774	0.53195	0.532614	0.532147	0.534736	0.534685	0.535179	0.534357	0.5331	0.530857	0.52675	0.520981	0.520702	0.516793
0.584752	0.577081	0.558653	0.539825	0.535815	0.528772	0.522503	0.517405	0.514468	0.516085	0.516519	0.513061	0.510805	0.509727	0.510419	0.5099	0.51273	0.512876	0.512943	0.51208	0.511479	0.509621	0.504898	0.49966	0.499403	0.494716
0.544229	0.537445	0.520114	0.505034	0.504413	0.499231	0.495613	0.491625	0.488995	0.490559	0.491655	0.487859	0.485966	0.485223	0.486045	0.485262	0.488023	0.488262	0.488941	0.486998	0.486847	0.485174	0.480141	0.47516	0.475726	0.471019
0.503404	0.497943	0.484624	0.47176	0.47372	0.471101	0.468684	0.466768	0.465127	0.466701	0.467118	0.4642	0.462323	0.461386	0.461779	0.461437	0.464908	0.464225	0.46462	0.463031	0.462813	0.461075	0.456808	0.452061	0.45142	0.448859
0.466026	0.462343	0.45157	0.440801	0.445279	0.445796	0.446003	0.444748	0.443617	0.445168	0.445934	0.44311	0.441258	0.440362	0.440828	0.440406	0.443294	0.443419	0.443884	0.442701	0.44165	0.440221	0.436434	0.431644	0.431806	0.428526
0.423535	0.421773	0.413157	0.405581	0.412697	0.417078	0.419605	0.419896	0.419091	0.42151	0.422322	0.419681	0.418392	0.417705	0.418236	0.417131	0.420552	0.420068	0.420236	0.41872	0.419137	0.417337	0.413203	0.409026	0.409188	0.406214
0.387985	0.386984	0.380736	0.376057	0.385758	0.391826	0.396937	0.398997	0.398823	0.401266	0.402464	0.400338	0.398291	0.397951	0.398164	0.397735	0.400668	0.400646	0.400738	0.399556	0.399731	0.398147	0.394271	0.389987	0.390442	0.387467
0.357691	0.356657	0.352889	0.34935	0.361754	0.370452	0.376318	0.379934	0.380272	0.38242	0.384061	0.382168	0.380332	0.379505	0.380257	0.379952	0.383122	0.382573	0.383182	0.380422	0.381722	0.380346	0.376554	0.371952	0.372597	0.370012
0.32478	0.324759	0.32264	0.32137	0.334729	0.344887	0.352443	0.356552	0.356942	0.359766	0.3611	0.359413	0.357919	0.357067	0.357305	0.357637	0.360249	0.360588	0.360462	0.35822	0.358904	0.358122	0.354309	0.350292	0.350557	0.348378
0.299908	0.299531	0.298841	0.29852	0.31267	0.323139	0.330913	0.335307	0.33608	0.338614	0.33979	0.338319	0.337053	0.335879	0.336885	0.336139	0.339214	0.339729	0.339444	0.336581	0.337988	0.336916	0.333978	0.329605	0.330447	0.327674
0.279669	0.279384	0.278967	0.279417	0.293967	0.304068	0.31191	0.315667	0.316521	0.319338	0.320275	0.319108	0.317444	0.316376	0.317516	0.317303	0.319803	0.320055	0.319991	0.317149	0.318411	0.317787	0.314296	0.310749	0.311143	0.308902
0.260628	0.260083	0.261186	0.261618	0.275451	0.28539	0.292237	0.296288	0.296193	0.298597	0.299567	0.298196	0.297202	0.29592	0.296552	0.295949	0.299187	0.298883	0.299245	0.296557	0.297938	0.297211	0.293581	0.290301	0.290495	0.289036
0.243329	0.242239	0.243998	0.244289	0.257399	0.266133	0.272812	0.276051	0.276095	0.278227	0.278918	0.278193	0.276178	0.275504	0.275916	0.275669	0.278337	0.278345	0.278228	0.2757	0.276749	0.276673	0.272942	0.269561	0.270282	0.26847
0.229275	0.228206	0.230347	0.230538	0.242635	0.25088	0.256749	0.259532	0.259054	0.261453	0.261373	0.260386	0.258723	0.257763	0.258059	0.257974	0.260518	0.26067	0.260863	0.257599	0.259113	0.258703	0.255626	0.252053	0.253306	0.251186
0.215008	0.213535	0.21581	0.215631	0.227525	0.23447	0.239857	0.241731	0.241151	0.243487	0.243011	0.241816	0.240315	0.23935	0.239707	0.239872	0.241727	0.242031	0.241882	0.239346	0.240619	0.240351	0.236758	0.233812	0.234765	0.233206
0.201788	0.200143	0.202098	0.201804	0.213004	0.219717	0.223921	0.225379	0.225051	0.226579	0.226368	0.22525	0.223334	0.222431	0.222951	0.222762	0.225204	0.225202	0.225047	0.222306	0.223765	0.223212	0.22039	0.217125	0.218229	0.216819
0.191264	0.189463	0.191365	0.190975	0.20144	0.207527	0.211231	0.212542	0.211874	0.213541	0.212742	0.211881	0.210445	0.20923	0.209525	0.209484	0.211581	0.212269	0.211709	0.209124	0.210239	0.210285	0.207234	0.204305	0.205679	0.204238
0.181073	0.178842	0.180984	0.179942	0.189969	0.195712	0.199174	0.200025	0.199341	0.201031	0.200244	0.199211	0.197572	0.196769	0.196985	0.196895	0.199156	0.199525	0.199458	0.196645	0.198148	0.197896	0.19513	0.192186	0.193453	0.192397
0.172147	0.169959	0.171873	0.170654	0.180223	0.185306	0.188497	0.189351	0.188555	0.189952	0.18932	0.188764	0.187002	0.185659	0.186237	0.186313	0.188438	0.188935	0.188764	0.186003	0.187152	0.187577	0.184681	0.18181	0.183344	0.18229
0.165426	0.162976	0.164679	0.163423	0.172403	0.177158	0.180143	0.181117	0.180002	0.181555	0.180928	0.180237	0.178654	0.177699	0.178109	0.178013	0.180135	0.180741	0.18056	0.177472	0.179036	0.179191	0.176571	0.174001	0.175167	0.174419
0.158844	0.156105	0.157405	0.156131	0.164655	0.168711	0.171656	0.172372	0.171503	0.172792	0.172361	0.171575	0.170259	0.169391	0.169572	0.169757	0.171584	0.172091	0.172085	0.169197	0.170594	0.171012	0.168294	0.165829	0.167281	0.166458
0.153395	0.150527	0.151939	0.150081	0.158205	0.161919	0.164789	0.165445	0.164732	0.166007	0.165625	0.165084	0.163493	0.162623	0.162891	0.163085	0.165121	0.165604	0.165332	0.162638	0.164068	0.164414	0.161896	0.159349	0.160935	0.160493
0.149071	0.146025	0.147218	0.145591	0.153139	0.156474	0.159123	0.160036	0.159055	0.160714	0.160351	0.159926	0.158158	0.157501	0.157837	0.158057	0.160047	0.160432	0.160361	0.157475	0.158989	0.159549	0.156758	0.154369	0.156112	0.155378
0.145958	0.142385	0.143621	0.141775	0.148872	0.151966	0.154584	0.15543	0.154624	0.156001	0.155778	0.155394	0.153824	0.153265	0.15355	0.153548	0.155335	0.1561	0.155934	0.153237	0.154671	0.155313	0.152534	0.150155	0.151865	0.151398
0.143292	0.13959	0.140831	0.139154	0.145493	0.148115	0.150508	0.151477	0.150614	0.152091	0.151805	0.151573	0.150091	0.149517	0.149802	0.149929	0.151802	0.152487	0.152172	0.149504	0.150858	0.151593	0.14893	0.146764	0.1484	0.147852
0.144427	0.140599	0.141555	0.139601	0.145734	0.147907	0.150172	0.150824	0.150203	0.151613	0.151457	0.151069	0.149849	0.149103	0.149367	0.149588	0.151261	0.152175	0.151891	0.149047	0.150734	0.151337	0.148782	0.146716	0.148081	0.147604
0.145966	0.142233	0.142956	0.140813	0.146571	0.148249	0.150146	0.150866	0.150211	0.151622	0.151562	0.151147	0.149934	0.149022	0.149394	0.149548	0.151283	0.152007	0.151967	0.149214	0.150601	0.151337	0.148949	0.146587	0.148377	0.147735
0.144213	0.140208	0.140876	0.138375	0.143456	0.144382	0.145786	0.146578	0.146089	0.147267	0.14729	0.147012	0.145553	0.144687	0.145178	0.145225	0.147199	0.147987	0.147573	0.14496	0.14645	0.147036	0.144681	0.142466	0.144338	0.143834
0.145636	0.141208	0.141885	0.139058	0.14319	0.143423	0.144583	0.144897	0.144226	0.145497	0.145582	0.145157	0.14392	0.143049	0.143323	0.143614	0.145379	0.146252	0.145732	0.143198	0.144664	0.145328	0.142792	0.140779	0.142475	0.142141
0.148709	0.14398	0.144392	0.141344	0.144376	0.143779	0.144241	0.144322	0.143727	0.144703	0.144901	0.144427	0.143056	0.142392	0.142689	0.143037	0.14468	0.145412	0.145062	0.142557	0.144012	0.144611	0.142196	0.140173	0.141909	0.141471
0.153204	0.148298	0.148585	0.145052	0.147106	0.145102	0.144445	0.144201	0.143338	0.144295	0.144738	0.144203	0.142868	0.14208	0.142396	0.142599	0.144189	0.145151	0.144692	0.142286	0.143618	0.144314	0.142092	0.139915	0.141486	0.14117
0.158135	0.152958	0.152948	0.148809	0.149649	0.146768	0.145304	0.144604	0.143799	0.144522	0.144652	0.144445	0.143175	0.142312	0.142513	0.142793	0.144572	0.145269	0.144712	0.14241	0.143922	0.144213	0.142118	0.139781	0.141663	0.141245
0.164779	0.158963	0.1588	0.154186	0.153854	0.149408	0.147115	0.145842	0.144895	0.145281	0.145699	0.145222	0.143948	0.142987	0.143183	0.143667	0.145328	0.14591	0.145603	0.143098	0.144379	0.145248	0.14286	0.140518	0.142418	0.142091
0.17207	0.166182	0.165464	0.159826	0.15851	0.152703	0.149172	0.147276	0.145919	0.146522	0.146679	0.146278	0.14512	0.144016	0.144325	0.144707	0.146316	0.146812	0.146394	0.144173	0.145586	0.145892	0.143537	0.141451	0.143263	0.142905
0.179305	0.173342	0.172022	0.16603	0.163249	0.156028	0.151775	0.14902	0.147647	0.148255	0.148324	0.147809	0.146727	0.145302	0.145767	0.146141	0.147615	0.148357	0.147734	0.145296	0.146911	0.147115	0.144997	0.142749	0.144385	0.144209
0.187562	0.18138	0.179821	0.172941	0.169012	0.160448	0.154764	0.151737	0.150007	0.150227	0.15048	0.149571	0.148528	0.147292	0.147624	0.147911	0.149326	0.150169	0.149615	0.147312	0.148792	0.148772	0.146792	0.144557	0.146063	0.145964
0.19599	0.189777	0.187504	0.180123	0.174671	0.164816	0.158067	0.154651	0.152461	0.152528	0.152659	0.151952	0.150799	0.149436	0.149673	0.150181	0.151478	0.152252	0.151785	0.149588	0.150523	0.151072	0.148763	0.146559	0.14842	0.147887
0.205005	0.198627	0.195989	0.18776	0.181123	0.169693	0.162058	0.157545	0.155681	0.155607	0.155171	0.154734	0.153071	0.152051	0.152321	0.15286	0.154121	0.154771	0.154227	0.152002	0.153296	0.153339	0.151305	0.148986	0.150833	0.149989
0.214554	0.208236	0.20505	0.195619	0.188005	0.175093	0.166243	0.161251	0.158915	0.158543	0.158434	0.157735	0.156497	0.154984	0.155035	0.155777	0.156941	0.157617	0.157026	0.154664	0.156083	0.155838	0.153907	0.151647	0.153297	0.152766
0.223194	0.216748	0.213264	0.202891	0.194061	0.179981	0.170103	0.16457	0.16195	0.161544	0.161299	0.160412	0.159026	0.157295	0.157691	0.158271	0.159391	0.160324	0.159625	0.157447	0.158522	0.158994	0.156177	0.153991	0.15585	0.155066
0.230871	0.224238	0.22024	0.209451	0.199164	0.18422	0.173736	0.167526	0.164956	0.164385	0.164065	0.163199	0.161846	0.160275	0.160562	0.160972	0.162054	0.162696	0.162212	0.159948	0.161177	0.161292	0.158969	0.156475	0.158142	0.157671
0.238544	0.231897	0.227348	0.215924	0.204882	0.188798	0.17746	0.171132	0.168173	0.167497	0.167139	0.165951	0.164495	0.163047	0.163387	0.163833	0.165109	0.165633	0.16495	0.162776	0.163916	0.164237	0.161668	0.159321	0.160983	0.16029
0.245869	0.239264	0.234347	0.222173	0.210444	0.193644	0.1817	0.174694	0.171599	0.170933	0.170415	0.169358	0.168189	0.16646	0.166556	0.166947	0.168294	0.168668	0.168243	0.165882	0.167237	0.167354	0.164667	0.162221	0.164058	0.163302
0.250634	0.244476	0.239264	0.226625	0.214502	0.197753	0.18533	0.178297	0.175179	0.174452	0.174044	0.172742	0.171659	0.169977	0.17023	0.170691	0.171406	0.172196	0.171528	0.169257	0.170451	0.170694	0.168076	0.165745	0.167278	0.166402
0.253198	0.247124	0.241718	0.229338	0.217442	0.200659	0.188864	0.181716	0.178682	0.177674	0.177233	0.176224	0.175086	0.173293	0.173227	0.173994	0.175037	0.175647	0.175018	0.172892	0.174159	0.173911	0.171364	0.168667	0.170606	0.1695
0.253723	0.247927	0.242556	0.230093	0.218654	0.202448	0.190843	0.183832	0.180812	0.179984	0.179619	0.178478	0.177395	0.175407	0.175934	0.176113	0.177299	0.177956	0.177304	0.175119	0.176389	0.176108	0.173749	0.171062	0.172866	0.171896
0.253762	0.247982	0.242805	0.230368	0.219716	0.2043	0.193291	0.186712	0.183813	0.182938	0.182715	0.181555	0.180342	0.178636	0.179025	0.179507	0.180488	0.180923	0.180461	0.178255	0.179599	0.179427	0.176798	0.174351	0.175733	0.174931
0.252555	0.247278	0.242358	0.230394	0.22048	0.205851	0.19587	0.189627	0.186921	0.185957	0.185953	0.184884	0.183847	0.181854	0.182118	0.182745	0.184034	0.184075	0.183818	0.181774	0.182869	0.182751	0.180211	0.177072	0.179147	0.178175
0.252397	0.247358	0.242486	0.230474	0.221588	0.207929	0.19871	0.192829	0.190096	0.18913	0.189359	0.187917	0.187069	0.185258	0.185615	0.186172	0.187125	0.187564	0.187067	0.18476	0.186277	0.1856	0.18322	0.180638	0.18239	0.181108
0.253548	0.248434	0.243637	0.231661	0.223271	0.210201	0.201049	0.195647	0.192958	0.192236	0.192193	0.190812	0.190098	0.188344	0.1889	0.189127	0.189987	0.19053	0.190062	0.188107	0.189413	0.188783	0.186007	0.184054	0.185257	0.18435
0.254001	0.24933	0.244276	0.232511	0.224731	0.212315	0.203449	0.19827	0.195673	0.194962	0.194867	0.193907	0.192788	0.191125	0.191604	0.191975	0.192756	0.193248	0.192975	0.190911	0.192084	0.191841	0.188956	0.186522	0.187982	0.186848
0.250734	0.246327	0.241436	0.230678	0.223858	0.213036	0.205502	0.20068	0.198345	0.197671	0.197792	0.196692	0.195637	0.193851	0.194365	0.194835	0.195785	0.196078	0.19569	0.193725	0.194977	0.194357	0.191926	0.189238	0.190722	0.18983
0.239878	0.236385	0.232181	0.222985	0.21891	0.210682	0.205464	0.201944	0.199935	0.199713	0.200175	0.198895	0.197983	0.196279	0.196684	0.197535	0.198405	0.198497	0.198295	0.196367	0.19754	0.196993	0.194563	0.192044	0.193304	0.192433
0.222456	0.220031	0.217432	0.210531	0.210335	0.206213	0.204118	0.202578	0.201226	0.201297	0.202156	0.201275	0.20021	0.198998	0.19938	0.199987	0.200728	0.201247	0.200758	0.198751	0.199821	0.19946	0.19702	0.19442	0.195853	0.194828
0.20428	0.202702	0.201561	0.197207	0.200868	0.200782	0.201523	0.201955	0.20147	0.201553	0.203078	0.202064	0.201284	0.199769	0.200652	0.201019	0.201777	0.202373	0.202089	0.200031	0.201129	0.20076	0.198231	0.19568	0.197118	0.196227
0.187567	0.186704	0.187019	0.184962	0.192007	0.1953	0.199207	0.200965	0.201058	0.201686	0.203502	0.202701	0.201826	0.200711	0.201425	0.202055	0.202788	0.203203	0.202993	0.20103	0.202152	0.201903	0.199228	0.196761	0.198411	0.197285
0.175957	0.174966	0.176605	0.176564	0.185779	0.19107	0.196793	0.199728	0.200374	0.201155	0.203235	0.20266	0.201673	0.20047	0.201186	0.201753	0.20259	0.203142	0.202947	0.20072	0.20196	0.201689	0.199121	0.19665	0.198104	0.197071
0.170808	0.169714	0.172034	0.172511	0.182766	0.189028	0.195223	0.198715	0.199505	0.200516	0.202424	0.202048	0.200815	0.199983	0.200658	0.201275	0.202072	0.202445	0.202144	0.200453	0.20129	0.201009	0.198683	0.196003	0.19752	0.196201
0.168763	0.167705	0.169962	0.170866	0.181228	0.188095	0.19436	0.197915	0.198867	0.199598	0.201636	0.201093	0.200233	0.199167	0.199957	0.200505	0.20143	0.201728	0.201555	0.199559	0.200753	0.200283	0.198207	0.195483	0.196884	0.195836
0.168814	0.167502	0.169687	0.17063	0.180856	0.187145	0.193529	0.196832	0.19759	0.198215	0.200233	0.200085	0.198844	0.197828	0.198576	0.199288	0.20005	0.200092	0.200164	0.198024	0.199382	0.199106	0.196696	0.194016	0.1955	0.194202
0.171272	0.169962	0.171759	0.172468	0.181993	0.187858	0.193645	0.196825	0.197405	0.198271	0.200515	0.199905	0.198612	0.197781	0.198465	0.199334	0.19998	0.200381	0.199878	0.198188	0.199383	0.198936	0.196773	0.193701	0.195279	0.194282
0.175683	0.173826	0.175608	0.175549	0.184297	0.189208	0.193958	0.196745	0.197437	0.198163	0.200226	0.199491	0.198487	0.197739	0.19856	0.199189	0.199893	0.199868	0.199852	0.197848	0.199037	0.198699	0.196632	0.193689	0.195079	0.193929
0.181199	0.179189	0.18056	0.179374	0.187143	0.190405	0.194432	0.196068	0.196505	0.19731	0.19931	0.198861	0.197601	0.196885	0.197598	0.198207	0.198892	0.199126	0.198943	0.197261	0.198176	0.197747	0.195512	0.192714	0.194323	0.19305
0.186852	0.184764	0.185454	0.183023	0.189481	0.191354	0.19393	0.195272	0.195328	0.195873	0.197566	0.196809	0.195793	0.195085	0.195886	0.196512	0.197079	0.197203	0.197096	0.195222	0.196086	0.195689	0.193636	0.190694	0.192073	0.190967
0.193774	0.191251	0.190826	0.188014	0.192297	0.192739	0.193855	0.194332	0.193837	0.194422	0.195849	0.195257	0.193893	0.192923	0.193655	0.194444	0.194908	0.195196	0.194964	0.193242	0.193953	0.193656	0.191487	0.188475	0.189913	0.188825
0.201247	0.19833	0.196831	0.192326	0.195012	0.193127	0.192596	0.191889	0.191105	0.190846	0.192692	0.191693	0.190009	0.189487	0.190016	0.190724	0.19076	0.190881	0.191057	0.189253	0.19045	0.189814	0.18748	0.184649	0.185877	0.18507
0.208851	0.205284	0.202896	0.197033	0.197081	0.192835	0.190249	0.188259	0.187047	0.186554	0.187851	0.18674	0.185132	0.184207	0.184948	0.185653	0.185999	0.186027	0.185759	0.184263	0.184983	0.184563	0.182427	0.179474	0.180607	0.179786
0.218429	0.214201	0.21041	0.201819	0.198462	0.191516	0.186124	0.182347	0.180357	0.179389	0.180561	0.179276	0.177293	0.17648	0.177012	0.1779	0.177888	0.178091	0.177633	0.175937	0.176985	0.176571	0.174288	0.171465	0.172539	0.172135
0.227039	0.222238	0.21698	0.206595	0.201195	0.190411	0.182952	0.177676	0.174579	0.173513	0.174528	0.17317	0.17126	0.169829	0.170917	0.171683	0.171592	0.1714	0.171225	0.17011	0.170473	0.170455	0.16812	0.165252	0.166462	0.165424
0.233866	0.229524	0.222056	0.210542	0.203493	0.190928	0.181809	0.17569	0.172674	0.171203	0.171867	0.170331	0.16859	0.167507	0.168084	0.169085	0.169048	0.168895	0.168191	0.16728	0.168102	0.167414	0.165387	0.162516	0.163778	0.163152
0.242711	0.237925	0.230066	0.217058	0.20743	0.192395	0.181889	0.174673	0.171882	0.170307	0.170907	0.169651	0.167845	0.16677	0.167159	0.167873	0.168275	0.168088	0.167996	0.166389	0.167358	0.166954	0.1645	0.161647	0.162693	0.162235
0.252041	0.24653	0.238342	0.22374	0.211941	0.194313	0.181657	0.173323	0.170814	0.168815	0.169548	0.168158	0.166608	0.165358	0.166003	0.166946	0.166795	0.166743	0.166441	0.165354	0.165865	0.16543	0.162975	0.160017	0.16121	0.160362
0.261414	0.255903	0.246994	0.229715	0.214941	0.195229	0.180249	0.171007	0.167204	0.165211	0.165673	0.164089	0.16205	0.160934	0.161554	0.162463	0.162496	0.162149	0.161993	0.160448	0.16124	0.160745	0.158433	0.154823	0.156534	0.155632
0.271271	0.26556	0.253992	0.234849	0.216656	0.192837	0.175194	0.163928	0.15919	0.156649	0.156407	0.154766	0.152339	0.15123	0.15164	0.152647	0.152477	0.151904	0.151727	0.150398	0.150849	0.150397	0.147964	0.144881	0.145999	0.145282
0.281391	0.274529	0.261236	0.239286	0.216993	0.190117	0.168628	0.15483	0.149297	0.146139	0.145242	0.143503	0.14068	0.139536	0.139763	0.140752	0.140252	0.139698	0.139722	0.138195	0.138803	0.13815	0.135836	0.13282	0.133663	0.133029
0.290177	0.282904	0.267731	0.242632	0.21749	0.186552	0.162113	0.146298	0.139614	0.13595	0.134298	0.132157	0.129586	0.127939	0.128381	0.129297	0.128818	0.128227	0.128176	0.126856	0.127034	0.12666	0.124326	0.121306	0.122554	0.121991
0.300403	0.292404	0.275469	0.247835	0.218749	0.183605	0.155846	0.137955	0.13053	0.126215	0.124067	0.121767	0.119043	0.117643	0.117919	0.118715	0.118163	0.117692	0.117499	0.116167	0.116662	0.115943	0.11386	0.110824	0.112061	0.111908
0.310145	0.301806	0.283672	0.252964	0.220976	0.181889	0.151334	0.131231	0.123159	0.118466	0.11594	0.113277	0.110715	0.109024	0.109097	0.110028	0.109517	0.109075	0.108711	0.107568	0.108065	0.107508	0.105424	0.102355	0.103838	0.103827
0.318916	0.310117	0.291054	0.258886	0.223143	0.181499	0.148297	0.126689	0.118073	0.112968	0.110202	0.10775	0.104871	0.10319	0.103348	0.104452	0.103636	0.103019	0.10309	0.101655	0.102361	0.101609	0.099472	0.096704	0.098253	0.09813
0.32829	0.319464	0.299262	0.265562	0.227283	0.182445	0.147208	0.124034	0.11499	0.10962	0.106699	0.10394	0.101169	0.099397	0.099854	0.100803	0.100073	0.099356	0.0992	0.098166	0.098652	0.097991	0.096081	0.093125	0.094766	0.094514
0.337077	0.327912	0.3072	0.27232	0.231354	0.185032	0.147729	0.123701	0.113976	0.108412	0.105642	0.102695	0.099909	0.098302	0.098593	0.099366	0.098792	0.098497	0.098034	0.096715	0.097375	0.096689	0.09492	0.092017	0.093613	0.0936
0.345857	0.33653	0.315284	0.279388	0.237407	0.188164	0.149337	0.124329	0.114691	0.108973	0.105768	0.10337	0.100328	0.098591	0.09884	0.099578	0.09901	0.098179	0.098161	0.097293	0.097701	0.097008	0.095277	0.09238	0.093945	0.093926
0.354935	0.345552	0.324152	0.287092	0.243435	0.192576	0.152537	0.127016	0.117024	0.111211	0.107999	0.105603	0.102753	0.100549	0.100772	0.101556	0.101204	0.100251	0.10033	0.099325	0.099768	0.098673	0.097508	0.094372	0.096017	0.096191
0.363053	0.353434	0.331847	0.2946	0.249832	0.197913	0.156869	0.131016	0.120689	0.115175	0.111483	0.10939	0.106095	0.10446	0.104837	0.105482	0.104729	0.103816	0.104078	0.102795	0.103516	0.102673	0.100858	0.098153	0.099667	0.099299
0.37093	0.361002	0.33953	0.301561	0.256242	0.203537	0.161625	0.135567	0.125468	0.119495	0.116326	0.113937	0.110561	0.10883	0.109098	0.110069	0.109445	0.108357	0.108446	0.10751	0.107843	0.107253	0.105986	0.102674	0.104091	0.103921
0.378796	0.368923	0.347499	0.309606	0.263508	0.210073	0.168334	0.142124	0.131578	0.125762	0.122858	0.120172	0.116991	0.115305	0.115806	0.116449	0.115671	0.114684	0.114971	0.114049	0.114256	0.113714	0.11201	0.10887	0.110119	0.110255
0.386149	0.376635	0.355487	0.317686	0.271809	0.218113	0.175611	0.149621	0.139572	0.133894	0.131027	0.128605	0.124985	0.123398	0.123977	0.124508	0.123791	0.122969	0.122971	0.122025	0.122391	0.121521	0.120158	0.116608	0.118108	0.117917
0.392572	0.382898	0.362052	0.324351	0.278572	0.224801	0.183256	0.157062	0.147006	0.141423	0.138404	0.136613	0.133027	0.131223	0.132007	0.132505	0.131931	0.130994	0.130802	0.130116	0.130501	0.12954	0.127565	0.124595	0.126064	0.125839
0.398297	0.388482	0.368153	0.331074	0.285361	0.231999	0.191203	0.165225	0.155078	0.149658	0.147101	0.144847	0.141721	0.140081	0.140708	0.141061	0.140613	0.139485	0.139398	0.138554	0.139019	0.137773	0.136558	0.133184	0.134468	0.133717
0.401782	0.392525	0.372676	0.336159	0.291632	0.238908	0.198261	0.173151	0.16363	0.158141	0.155412	0.153671	0.150403	0.148979	0.149166	0.149993	0.149487	0.14797	0.148201	0.14732	0.148032	0.146486	0.145138	0.141631	0.142805	0.142702
0.402462	0.393546	0.374959	0.339672	0.296915	0.245236	0.206674	0.182025	0.173447	0.168382	0.165288	0.164096	0.160884	0.159245	0.160071	0.160428	0.159811	0.158687	0.158591	0.157864	0.158576	0.157303	0.15558	0.152235	0.153321	0.152819
0.399374	0.391159	0.373811	0.340568	0.300137	0.251946	0.214968	0.19183	0.183733	0.17925	0.177166	0.175357	0.172379	0.170917	0.171171	0.172257	0.171556	0.170247	0.17077	0.169527	0.170281	0.168602	0.167621	0.163826	0.164461	0.164348
0.394243	0.386343	0.370794	0.339632	0.301667	0.256372	0.221837	0.200426	0.193066	0.189096	0.187408	0.186089	0.182749	0.181597	0.182066	0.182733	0.182374	0.181195	0.180911	0.180181	0.180845	0.179346	0.177975	0.174028	0.175502	0.174657
0.387505	0.379763	0.365966	0.337294	0.302618	0.26071	0.229205	0.209958	0.202935	0.19927	0.197813	0.197209	0.194107	0.192707	0.193456	0.19418	0.193708	0.192603	0.192827	0.191894	0.192262	0.190793	0.189804	0.185448	0.186629	0.185871
0.380727	0.373122	0.361256	0.334803	0.30329	0.264401	0.235686	0.218364	0.2126	0.209526	0.208762	0.207956	0.204967	0.203848	0.20452	0.20536	0.204936	0.203726	0.204128	0.203065	0.203594	0.20241	0.200886	0.197352	0.19771	0.197077
0.373028	0.365494	0.35564	0.331452	0.303232	0.267334	0.241551	0.226517	0.22121	0.218527	0.218359	0.217834	0.214911	0.213783	0.214651	0.215456	0.215155	0.213836	0.213996	0.213077	0.213774	0.212567	0.211141	0.207074	0.207881	0.206851
0.363187	0.35603	0.348089	0.32693	0.302289	0.271005	0.248193	0.235398	0.231307	0.229082	0.229524	0.229291	0.226595	0.225239	0.226444	0.227153	0.226984	0.225382	0.226062	0.225288	0.225954	0.22457	0.223198	0.219069	0.219973	0.218527
0.351326	0.344666	0.339141	0.321188	0.30115	0.274428	0.255958	0.245549	0.242412	0.240849	0.241717	0.242041	0.239557	0.238814	0.239985	0.240393	0.240195	0.238903	0.239398	0.238586	0.239013	0.238155	0.236471	0.232301	0.233044	0.231623
0.339466	0.333594	0.329864	0.315133	0.299422	0.277142	0.262332	0.254383	0.252235	0.251715	0.253041	0.253562	0.25104	0.250333	0.251565	0.251951	0.251936	0.250828	0.251339	0.250469	0.250886	0.249917	0.248403	0.244204	0.244773	0.243351
0.328704	0.323449	0.321514	0.309594	0.298066	0.280002	0.268992	0.263131	0.261714	0.261886	0.263872	0.264648	0.262484	0.261541	0.26265	0.263647	0.263567	0.262597	0.262894	0.262049	0.262514	0.261391	0.260349	0.255443	0.256466	0.254809
0.318905	0.314235	0.314092	0.304874	0.297045	0.283238	0.275175	0.271676	0.271395	0.271929	0.274479	0.275404	0.273141	0.272638	0.273733	0.274662	0.274303	0.27385	0.274091	0.273314	0.273749	0.272791	0.271652	0.26681	0.267416	0.265571
0.309097	0.304929	0.30624	0.299788	0.295748	0.285706	0.280843	0.279545	0.280101	0.280961	0.284207	0.285194	0.283074	0.282597	0.284058	0.284581	0.284681	0.283968	0.284214	0.283429	0.283679	0.282924	0.281422	0.276944	0.277528	0.275622
0.292939	0.290123	0.293328	0.290301	0.291615	0.287042	0.286826	0.288113	0.28961	0.290938	0.294675	0.296058	0.294337	0.293618	0.295062	0.295855	0.296191	0.295189	0.295648	0.294813	0.295358	0.294514	0.293263	0.288032	0.289044	0.287024
0.268846	0.267771	0.273143	0.274711	0.282644	0.285093	0.290271	0.294739	0.297414	0.300011	0.304285	0.30551	0.304131	0.303911	0.305399	0.306201	0.306403	0.305758	0.306171	0.305278	0.306193	0.305025	0.303895	0.299093	0.299552	0.29766
0.239929	0.24037	0.248282	0.25479	0.269959	0.280022	0.291018	0.299482	0.303664	0.306728	0.311996	0.313967	0.312596	0.312543	0.314137	0.314749	0.314919	0.314411	0.31512	0.314099	0.314923	0.314039	0.312859	0.308186	0.308826	0.306475
0.206789	0.208285	0.2194	0.231198	0.254165	0.272456	0.290244	0.302958	0.30871	0.313026	0.318978	0.321426	0.320494	0.320286	0.322137	0.323027	0.323407	0.322759	0.323418	0.322615	0.323322	0.322718	0.321583	0.31693	0.31737	0.315437
0.178825	0.180656	0.194577	0.210804	0.240245	0.26545	0.288919	0.30519	0.312624	0.317772	0.324744	0.327496	0.32651	0.326699	0.328654	0.32961	0.330172	0.329831	0.330216	0.329203	0.330162	0.329662	0.32886	0.324127	0.324766	0.322568
0.154274	0.156102	0.172566	0.192639	0.227764	0.259076	0.287499	0.307095	0.315654	0.321733	0.329212	0.332466	0.331639	0.332163	0.334128	0.335146	0.335776	0.335424	0.336017	0.335318	0.336005	0.335648	0.334855	0.330235	0.330688	0.328565
0.128063	0.1301	0.14896	0.173076	0.21433	0.25211	0.28604	0.30865	0.318734	0.32528	0.333692	0.337181	0.336685	0.337094	0.339372	0.340329	0.341094	0.340916	0.341434	0.340722	0.341631	0.341348	0.340614	0.335949	0.336516	0.334375
0.102724	0.105235	0.126192	0.154033	0.20107	0.245237	0.284043	0.309833	0.320816	0.328251	0.337151	0.340869	0.340632	0.341201	0.343348	0.344486	0.345297	0.345065	0.345856	0.344977	0.34605	0.345791	0.345346	0.340683	0.341124	0.339172
0.080131	0.08336	0.105757	0.136692	0.189097	0.238814	0.281863	0.310074	0.322017	0.329815	0.339242	0.34321	0.34308	0.343757	0.345963	0.347091	0.348118	0.347928	0.348644	0.347709	0.348751	0.348738	0.348246	0.343739	0.344258	0.342281
0.059575	0.063583	0.087127	0.120733	0.177848	0.232609	0.279638	0.309937	0.32244	0.330652	0.340417	0.344506	0.344348	0.345298	0.347601	0.348665	0.349732	0.349694	0.350438	0.349489	0.350477	0.350528	0.350198	0.345673	0.346246	0.344277
0.046535	0.050974	0.074929	0.110188	0.170342	0.228414	0.277759	0.309216	0.32219	0.330624	0.340535	0.344661	0.344734	0.345483	0.347752	0.348984	0.349987	0.35004	0.350835	0.349771	0.350813	0.350981	0.35072	0.346115	0.346771	0.344789
0.036398	0.041008	0.065084	0.101385	0.163924	0.224516	0.275598	0.308019	0.321249	0.329742	0.339626	0.343732	0.343849	0.344784	0.34681	0.348014	0.349058	0.349337	0.350017	0.349105	0.350065	0.35019	0.34994	0.345382	0.345931	0.344143
0.027255	0.032049	0.055803	0.09288	0.157435	0.220116	0.272711	0.305652	0.318831	0.327368	0.337365	0.341261	0.34149	0.342324	0.344556	0.345666	0.346726	0.347056	0.347772	0.346717	0.3478	0.347949	0.347758	0.343061	0.343829	0.341964
0.021336	0.026012	0.04926	0.086534	0.152122	0.216032	0.269363	0.302277	0.315611	0.323946	0.33382	0.337656	0.337966	0.338677	0.340837	0.341993	0.343141	0.343401	0.344157	0.343068	0.34395	0.344338	0.344083	0.339508	0.340158	0.338343
0.017979	0.022445	0.045117	0.082129	0.148222	0.212613	0.266135	0.299003	0.312186	0.320331	0.32997	0.333994	0.334017	0.334846	0.336938	0.338028	0.339088	0.339583	0.340412	0.339159	0.340142	0.340431	0.340263	0.335718	0.336397	0.334577
0.015585	0.019705	0.041673	0.078157	0.144303	0.208821	0.262225	0.29475	0.307595	0.315683	0.325139	0.329067	0.329174	0.329938	0.33194	0.333095	0.334208	0.334644	0.335453	0.334265	0.335149	0.335539	0.335451	0.330787	0.331639	0.329784
0.013464	0.016923	0.038031	0.073908	0.139565	0.203736	0.256672	0.288787	0.301307	0.309191	0.318348	0.322229	0.322246	0.323074	0.325015	0.325954	0.327295	0.327737	0.328553	0.327392	0.328293	0.328647	0.328639	0.323988	0.324839	0.323148
0.011776	0.014851	0.034677	0.06966	0.134687	0.198482	0.250762	0.282119	0.294301	0.30194	0.31101	0.314748	0.314791	0.31549	0.317329	0.318372	0.319691	0.320166	0.321035	0.319752	0.320649	0.321053	0.321174	0.316676	0.317369	0.315855
0.010252	0.012856	0.031329	0.065037	0.129241	0.192171	0.243599	0.27415	0.285963	0.293383	0.302173	0.305762	0.305872	0.306481	0.308342	0.309411	0.310657	0.31121	0.312058	0.310711	0.311603	0.312098	0.312216	0.307803	0.308614	0.307162
0.009559	0.011437	0.028739	0.061129	0.124265	0.186293	0.236744	0.266478	0.277908	0.284995	0.293611	0.297	0.297137	0.297788	0.299578	0.30068	0.301855	0.302515	0.303359	0.302021	0.302833	0.303419	0.30358	0.299138	0.300074	0.298714
0.008477	0.010035	0.026063	0.057132	0.118933	0.179812	0.229224	0.258157	0.269033	0.275984	0.284295	0.287583	0.287624	0.288228	0.289946	0.29106	0.29227	0.292868	0.293795	0.292382	0.293252	0.293808	0.294067	0.289533	0.290539	0.28925
0.007733	0.008456	0.023876	0.052972	0.112872	0.172694	0.220636	0.24909	0.259136	0.265529	0.273376	0.276255	0.276803	0.277327	0.278531	0.279542	0.281	0.282142	0.282479	0.281294	0.281817	0.282665	0.283189	0.277983	0.279635	0.277987
0.00723	0.007674	0.021652	0.049268	0.107491	0.165772	0.212358	0.239792	0.249337	0.255469	0.262968	0.265558	0.266025	0.266354	0.26756	0.268592	0.270015	0.271121	0.271207	0.270323	0.270847	0.271555	0.272204	0.266873	0.268545	0.267075
0.006378	0.006553	0.019134	0.045145	0.101539	0.158102	0.203119	0.229377	0.238341	0.243995	0.251112	0.253333	0.25352	0.253811	0.254788	0.255934	0.257344	0.258232	0.258449	0.257623	0.257989	0.258667	0.259217	0.254221	0.255662	0.254321
0.006008	0.00577	0.017219	0.041415	0.095729	0.150007	0.193173	0.218101	0.226292	0.231537	0.238193	0.239953	0.24	0.240368	0.241147	0.242153	0.243613	0.24437	0.244596	0.243641	0.24391	0.244399	0.245075	0.240093	0.241609	0.240221
0.005628	0.005158	0.015374	0.038196	0.090145	0.142338	0.183661	0.207445	0.214963	0.219728	0.225775	0.227408	0.227198	0.227325	0.227912	0.22903	0.230156	0.23106	0.231041	0.230079	0.2306	0.230849	0.231286	0.226269	0.227851	0.226421
0.005249	0.004624	0.013823	0.035053	0.084882	0.134908	0.174351	0.196826	0.203737	0.208046	0.213717	0.214931	0.214486	0.214506	0.215079	0.216135	0.21718	0.217868	0.218043	0.217021	0.217309	0.217458	0.21789	0.212712	0.214299	0.2129
0.004645	0.003999	0.012781	0.032247	0.079862	0.127434	0.164973	0.186277	0.192881	0.196761	0.201917	0.202974	0.20242	0.202295	0.202641	0.203559	0.204513	0.205248	0.205203	0.20424	0.20456	0.204538	0.204815	0.199622	0.201134	0.199747
0.004714	0.00384	0.011812	0.030014	0.075576	0.120921	0.156711	0.176884	0.18291	0.186482	0.191417	0.19223	0.191677	0.191366	0.1915	0.192482	0.19325	0.194063	0.193957	0.193033	0.193148	0.193033	0.193121	0.187883	0.189456	0.187922
0.004663	0.003635	0.011155	0.02792	0.071185	0.114332	0.148337	0.167529	0.173137	0.176545	0.181107	0.181739	0.180927	0.180677	0.180712	0.181602	0.182302	0.183002	0.182836	0.181907	0.182017	0.181698	0.181826	0.17653	0.177904	0.176523
0.00438	0.003486	0.010352	0.025706	0.066492	0.107025	0.138926	0.156972	0.16205	0.165281	0.169575	0.170027	0.169234	0.16884	0.16878	0.169772	0.170305	0.17102	0.170717	0.169837	0.169912	0.169369	0.169582	0.164156	0.165724	0.164117
0.004395	0.003124	0.009639	0.023789	0.062125	0.100208	0.129993	0.146963	0.151925	0.154689	0.158841	0.159396	0.158247	0.158016	0.15784	0.158544	0.159375	0.159989	0.159584	0.158699	0.158714	0.15825	0.158282	0.152865	0.154328	0.152816
0.00421	0.003118	0.008936	0.022043	0.057933	0.093381	0.121323	0.137341	0.14183	0.144432	0.148492	0.148831	0.147733	0.147335	0.147157	0.147943	0.148593	0.14922	0.148866	0.147982	0.148048	0.147475	0.147653	0.142083	0.143579	0.142051
0.004197	0.00284	0.008442	0.020135	0.053581	0.086567	0.112507	0.127588	0.131701	0.134233	0.138015	0.138335	0.137359	0.136788	0.136652	0.137384	0.138028	0.138622	0.138217	0.137413	0.137386	0.136766	0.136978	0.131481	0.132855	0.131649
0.003936	0.002648	0.00822	0.018658	0.049886	0.080431	0.104567	0.118655	0.12253	0.124879	0.128575	0.128591	0.127707	0.127186	0.126887	0.127802	0.128277	0.129047	0.128435	0.12777	0.127734	0.12713	0.127422	0.121912	0.123408	0.122185
0.003728	0.002565	0.007443	0.016975	0.045584	0.073387	0.095448	0.108376	0.11177	0.114083	0.117522	0.117588	0.116668	0.116112	0.1159	0.116728	0.117198	0.117873	0.117331	0.116627	0.11661	0.11608	0.116552	0.11113	0.112528	0.111448
0.00394	0.002478	0.00705	0.015115	0.041213	0.066304	0.086235	0.097991	0.10106	0.103094	0.106538	0.106419	0.105602	0.104987	0.104666	0.10545	0.106198	0.106881	0.106254	0.105645	0.105464	0.105056	0.105707	0.100184	0.101749	0.100666
0.003815	0.002328	0.006693	0.013576	0.037367	0.060005	0.078012	0.08872	0.091392	0.093281	0.096461	0.096416	0.095531	0.09488	0.094634	0.095621	0.095952	0.096749	0.096196	0.095562	0.095476	0.095088	0.095719	0.090334	0.092143	0.091211
0.003451	0.002179	0.006078	0.011711	0.033283	0.053177	0.06913	0.078897	0.081178	0.082773	0.085804	0.085572	0.084901	0.084278	0.083944	0.085024	0.085299	0.086215	0.085529	0.084953	0.084769	0.084466	0.085359	0.080113	0.08172	0.081019
0.003312	0.001987	0.005624	0.010231	0.029718	0.047492	0.061651	0.070229	0.072302	0.073739	0.076587	0.076274	0.07568	0.07494	0.074606	0.075741	0.076061	0.076954	0.076292	0.07578	0.075462	0.075505	0.076331	0.071254	0.072941	0.072219
0.003306	0.001837	0.005122	0.009156	0.026655	0.042472	0.055122	0.062967	0.064548	0.065955	0.068709	0.068213	0.067707	0.067138	0.066668	0.067932	0.068176	0.069034	0.068333	0.067744	0.067486	0.067643	0.068582	0.063549	0.065339	0.064766
0.003296	0.001895	0.004936	0.007793	0.023595	0.037338	0.048255	0.055253	0.056362	0.057636	0.060327	0.059791	0.059333	0.05866	0.058132	0.059476	0.059705	0.060612	0.059873	0.059449	0.059197	0.059352	0.060308	0.055363	0.057321	0.056803
0.003	0.001842	0.004676	0.006622	0.020544	0.032199	0.041704	0.047616	0.04868	0.049671	0.052248	0.051643	0.051189	0.050598	0.050147	0.051311	0.051613	0.052578	0.051924	0.051354	0.051329	0.051448	0.052431	0.047535	0.049522	0.04924
0.002963	0.001496	0.004289	0.005451	0.017872	0.027897	0.036034	0.04111	0.042007	0.042764	0.045306	0.044705	0.044084	0.043459	0.04299	0.044295	0.044564	0.045524	0.0448	0.044389	0.044245	0.044477	0.045617	0.040817	0.042856	0.04255
0.002948	0.001537	0.004043	0.004727	0.015518	0.023702	0.030766	0.034952	0.035582	0.036446	0.038668	0.038046	0.037636	0.036943	0.03656	0.037789	0.038022	0.039041	0.038322	0.03789	0.037702	0.03814	0.039367	0.03457	0.036655	0.036354
0.002808	0.001382	0.003756	0.003877	0.013333	0.020576	0.026332	0.029991	0.030505	0.031089	0.03328	0.032577	0.032229	0.031541	0.031143	0.032565	0.032637	0.033628	0.033024	0.03243	0.032215	0.032769	0.033999	0.029354	0.031545	0.031404
0.002621	0.001209	0.003615	0.003102	0.01171	0.017804	0.022753	0.025931	0.026108	0.026642	0.028836	0.02806	0.027775	0.026937	0.026617	0.028099	0.028148	0.029254	0.028434	0.028083	0.027756	0.028376	0.029578	0.025053	0.027227	0.027088
0.002509	0.001045	0.00334	0.002329	0.010052	0.014904	0.019041	0.021704	0.021771	0.022185	0.024116	0.0233	0.023162	0.022386	0.02192	0.023436	0.023454	0.024602	0.023842	0.023497	0.023285	0.023851	0.024923	0.020541	0.022792	0.022694
0.002185	0.00081	0.003022	0.001668	0.008548	0.012464	0.015896	0.01812	0.017999	0.018389	0.020159	0.019556	0.019223	0.018537	0.018041	0.019702	0.019702	0.020666	0.020011	0.019586	0.019373	0.019977	0.021139	0.016741	0.019061	0.018983
0.002224	0.000702	0.002834	0.001012	0.007368	0.010692	0.013599	0.015435	0.015306	0.015586	0.017315	0.016609	0.016308	0.015607	0.015262	0.016968	0.016767	0.017855	0.017171	0.016795	0.01658	0.01717	0.018281	0.014048	0.016304	0.016302
0.002078	0.000579	0.002631	0.000788	0.006243	0.009151	0.01166	0.013163	0.012869	0.013104	0.014908	0.013971	0.01369	0.013042	0.012846	0.014496	0.014273	0.0153	0.014651	0.014248	0.01402	0.014745	0.015643	0.011573	0.0139	0.013971
0.001965	0.000489	0.00228	0.000414	0.005615	0.007794	0.009858	0.011004	0.010826	0.010925	0.012541	0.011647	0.011416	0.010827	0.010524	0.012262	0.011998	0.013079	0.012371	0.012087	0.011772	0.012393	0.013386	0.009288	0.011687	0.011853
0.001819	0.000283	0.00209	-5.5E-05	0.004831	0.006644	0.008465	0.009515	0.00916	0.00924	0.010791	0.009979	0.009657	0.009141	0.008807	0.01068	0.010148	0.011343	0.010607	0.010445	0.00999	0.010739	0.01156	0.007636	0.01005	0.010185
0.001712	0.000193	0.002168	-0.000295	0.004399	0.005963	0.007531	0.008393	0.007966	0.008102	0.009598	0.008734	0.008339	0.007897	0.007496	0.009461	0.008986	0.009993	0.00928	0.009158	0.008796	0.009597	0.010176	0.006312	0.008862	0.009033
0.001527	9.5E-05	0.002026	-0.00035	0.003721	0.005145	0.006475	0.007113	0.006741	0.006833	0.008323	0.007415	0.007108	0.006484	0.006265	0.008044	0.007644	0.008765	0.008124	0.007719	0.007501	0.008236	0.008787	0.005081	0.007594	0.007765
0.001272	-0.000109	0.001702	-0.000614	0.003394	0.00432	0.005494	0.006283	0.005602	0.005634	0.007247	0.006236	0.005865	0.005358	0.005036	0.006973	0.006419	0.007577	0.00693	0.006671	0.006419	0.007143	0.007603	0.00396	0.006342	0.006582
0.001318	-0.000217	0.001551	-0.000965	0.003035	0.003775	0.004957	0.005602	0.004777	0.004788	0.006383	0.005371	0.005011	0.004473	0.004238	0.006132	0.005654	0.00659	0.006126	0.005835	0.005554	0.006224	0.00669	0.003145	0.005701	0.005689
0.001308	-0.000328	0.00144	-0.000948	0.002787	0.00353	0.004629	0.0052	0.004195	0.004314	0.005833	0.004862	0.004541	0.003976	0.003798	0.005528	0.005064	0.00608	0.005512	0.005137	0.00508	0.005701	0.006034	0.00261	0.005112	0.005238
0.00122	-0.000332	0.001518	-0.000984	0.002689	0.003207	0.004444	0.004811	0.003869	0.003999	0.00535	0.004379	0.004085	0.003527	0.003296	0.005115	0.004644	0.005766	0.005113	0.004772	0.004674	0.005196	0.005619	0.002226	0.004769	0.004874
0.00122	-0.000347	0.001393	-0.000962	0.002528	0.002855	0.004016	0.004336	0.003339	0.003474	0.004938	0.004006	0.003592	0.002895	0.002816	0.004356	0.004126	0.005201	0.004628	0.004149	0.0042	0.00469	0.005198	0.001735	0.004184	0.004262
0.001225	-0.000226	0.001492	-0.000899	0.002478	0.002694	0.003861	0.004023	0.003128	0.003166	0.004635	0.003621	0.003315	0.002619	0.002588	0.004161	0.00384	0.005174	0.004328	0.003876	0.003885	0.004574	0.004803	0.001522	0.00398	0.00397
0.001143	-0.000373	0.001278	-0.000907	0.002264	0.002394	0.0036	0.003693	0.002709	0.002851	0.004293	0.003246	0.002847	0.002045	0.0021	0.003751	0.003362	0.004726	0.003864	0.003529	0.003491	0.004125	0.004436	0.001103	0.003523	0.003634
0.000885	-0.000556	0.001	-0.001151	0.002088	0.002182	0.003245	0.003355	0.002319	0.002534	0.00389	0.002735	0.002361	0.001865	0.001803	0.003376	0.003051	0.004242	0.003556	0.003095	0.003084	0.003591	0.003917	0.000698	0.003159	0.00335
0.000841	-0.000788	0.000947	-0.001117	0.001977	0.00198	0.003001	0.003215	0.001924	0.002275	0.003544	0.002635	0.002253	0.001536	0.001558	0.003039	0.002661	0.004087	0.003122	0.002814	0.002865	0.003402	0.0037	0.000555	0.002988	0.002959
0.001005	-0.000444	0.001193	-0.000917	0.001991	0.002	0.003165	0.003255	0.00212	0.002265	0.00361	0.002676	0.002175	0.001583	0.001627	0.002978	0.002743	0.004161	0.003205	0.002812	0.002987	0.003482	0.00375	0.000618	0.002926	0.002984
0.000848	-0.000686	0.000919	-0.001215	0.001674	0.001644	0.002808	0.002721	0.00167	0.001895	0.003132	0.002361	0.001871	0.001175	0.001129	0.002607	0.002322	0.003814	0.002901	0.002289	0.002462	0.003116	0.003234	0.000376	0.002609	0.002628
0.000921	-0.000594	0.000834	-0.001282	0.001768	0.001656	0.002762	0.002698	0.001537	0.001777	0.003154	0.002204	0.001783	0.001128	0.001105	0.002653	0.002177	0.003854	0.002824	0.002263	0.002377	0.002989	0.003181	0.000223	0.002549	0.002532
0.000811	-0.000789	0.00088	-0.001335	0.001624	0.001458	0.002551	0.002486	0.00136	0.001575	0.002897	0.002089	0.001489	0.000957	0.000932	0.002346	0.00195	0.003602	0.002663	0.002076	0.001993	0.002781	0.002874	0.000136	0.002426	0.002276
0.000775	-0.000877	0.000742	-0.001494	0.001531	0.001277	0.002424	0.00234	0.001184	0.001403	0.002652	0.001891	0.001359	0.000721	0.000664	0.002179	0.001871	0.003321	0.002479	0.001867	0.001768	0.002683	0.002555	0.000126	0.00217	0.002106
0.000675	-0.000867	0.000591	-0.001648	0.001346	0.001196	0.002157	0.002203	0.001072	0.001313	0.00251	0.001618	0.001128	0.000739	0.000566	0.001993	0.001639	0.003151	0.002386	0.001678	0.001595	0.00242	0.002438	1E-05	0.002143	0.001916
0.000478	-0.000918	0.00041	-0.001756	0.001309	0.001053	0.002	0.001997	0.000933	0.00119	0.002372	0.001535	0.000966	0.000785	0.000413	0.001834	0.001378	0.002944	0.002262	0.001489	0.001466	0.002253	0.002146	-9.1E-05	0.001773	0.00181
0.000452	-0.001067	0.000331	-0.002062	0.001105	0.000869	0.00175	0.001726	0.000716	0.001024	0.00204	0.001254	0.000774	0.000525	0.000271	0.001708	0.001312	0.002576	0.002082	0.001267	0.001264	0.002017	0.001877	-0.000252	0.001676	0.001632
0.000449	-0.001173	0.000241	-0.002101	0.00101	0.000747	0.001609	0.001587	0.000665	0.000877	0.00193	0.001157	0.00071	0.000541	0.000274	0.001547	0.001141	0.002496	0.001968	0.001112	0.001228	0.002006	0.001559	-0.000244	0.001653	0.001445
0.000394	-0.001038	0.000279	-0.002074	0.001027	0.000826	0.00155	0.001531	0.000644	0.000927	0.002003	0.00109	0.000669	0.000636	0.000198	0.001568	0.001141	0.002425	0.001991	0.001	0.0012	0.001913	0.001587	-0.000214	0.001539	0.001412
0.000377	-0.001035	0.000192	-0.001977	0.000993	0.000733	0.001436	0.001409	0.000604	0.000829	0.001884	0.00111	0.000585	0.000657	0.000243	0.001415	0.001015	0.002291	0.001937	0.001049	0.001034	0.001854	0.001486	-0.000235	0.001618	0.001341
0.000384	-0.000964	0.000272	-0.001829	0.001057	0.000825	0.001385	0.001347	0.000592	0.000901	0.001837	0.001136	0.000633	0.000661	0.000167	0.001409	0.001071	0.00229	0.001958	0.001064	0.001161	0.001904	0.001515	-0.000111	0.001518	0.001288
0.000445	-0.000839	0.000267	-0.001801	0.001023	0.000958	0.001281	0.001323	0.00062	0.000851	0.00186	0.001073	0.000653	0.000678	0.000156	0.001373	0.001102	0.002561	0.00196	0.001132	0.001085	0.001966	0.00162	1.5E-05	0.001607	0.001199
0.000247	-0.001132	5.6E-05	-0.001992	0.000851	0.00064	0.001027	0.001045	0.00032	0.000641	0.001448	0.000875	0.000459	0.000498	-6.2E-05	0.001056	0.000833	0.00212	0.001828	0.000837	0.000921	0.001705	0.001301	-0.000181	0.001312	0.001023
0.00043	-0.000865	0.000207	-0.001883	0.000956	0.000765	0.00107	0.001098	0.000417	0.000692	0.001541	0.000969	0.000585	0.000742	3.3E-05	0.001156	0.000924	0.002334	0.001645	0.000931	0.001051	0.001749	0.00145	1E-06	0.001448	0.001036
0.000221	-0.000992	1E-06	-0.002019	0.000716	0.000652	0.000927	0.000945	0.000306	0.000507	0.001433	0.000778	0.00033	0.000642	-4.2E-05	0.001006	0.00079	0.002016	0.001452	0.000788	0.000856	0.001535	0.001275	-0.000159	0.001255	0.000958
0.000269	-0.00092	-0.000109	-0.002057	0.000765	0.000523	0.000786	0.000764	0.000239	0.000471	0.001271	0.000782	0.000344	0.000612	-7.7E-05	0.00085	0.00066	0.001933	0.00147	0.000677	0.00078	0.001573	0.001145	-0.000178	0.001388	0.000791
5.6E-05	-0.000939	-0.000117	-0.002033	0.000841	0.000539	0.000905	0.000878	0.000275	0.000568	0.001225	0.000729	0.000357	0.000677	-4.3E-05	0.000898	0.000751	0.00186	0.001378	0.000707	0.00089	0.001748	0.001198	-0.000224	0.001132	0.00074
0.000166	-0.000957	-0.000131	-0.002056	0.000688	0.000523	0.000822	0.000775	0.000143	0.000369	0.001113	0.000638	0.000192	0.000547	-0.000265	0.000754	0.000635	0.001702	0.001196	0.000474	0.000752	0.001728	0.001048	-0.00019	0.001071	0.000662
0.000218	-0.00088	-8.2E-05	-0.002026	0.000839	0.000545	0.000765	0.00083	0.000221	0.000451	0.001081	0.000659	0.000238	0.000755	-9E-05	0.000644	0.00064	0.001594	0.001279	0.000532	0.000908	0.00188	0.001024	-0.000269	0.001224	0.000595
9.1E-05	-0.000921	-0.000162	-0.002065	0.000622	0.000374	0.000755	0.000729	7.4E-05	0.000334	0.000905	0.000605	0.000146	0.000555	-0.000192	0.000477	0.000594	0.001404	0.001083	0.000485	0.000702	0.001987	0.000875	-0.000197	0.00104	0.000484
7.5E-05	-0.00083	-0.000246	-0.001972	0.000659	0.000497	0.000629	0.000779	2.7E-05	0.000381	0.000884	0.000611	9.6E-05	0.000591	-0.000195	0.00047	0.000608	0.001468	0.001072	0.000483	0.000703	0.002242	0.00092	-0.000207	0.001046	0.000542
6.3E-05	-0.000917	-0.000187	-0.001846	0.00068	0.000451	0.000603	0.000607	8.4E-05	0.000365	0.000758	0.000457	5.4E-05	0.00045	-0.000195	0.000427	0.00053	0.001282	0.00085	0.000449	0.000693	0.002288	0.000886	-0.000211	0.001053	0.000482
-7.4E-05	-0.000905	-0.000401	-0.001785	0.000559	0.000372	0.000446	0.000558	-4.7E-05	0.000145	0.000655	0.000311	-0.000118	0.000409	-0.000342	0.000279	0.000398	0.001028	0.000789	0.000187	0.000616	0.002293	0.000715	-0.000291	0.000857	0.000278
-8E-05	-0.000936	-0.000456	-0.001725	0.000383	0.000129	0.000308	0.000508	-0.000157	7.9E-05	0.00053	0.000176	-7.4E-05	0.00027	-0.000497	0.00017	0.000282	0.0008	0.000628	0.000165	0.000497	0.002263	0.000647	-0.000402	0.000859	0.000196
-3.6E-05	-0.000748	-0.000279	-0.001389	0.000597	0.000348	0.000395	0.000472	8.5E-05	0.000198	0.000662	0.000395	5.3E-05	0.000388	-0.000245	0.000201	0.000393	0.000955	0.000688	0.000355	0.000619	0.002443	0.000823	-0.000181	0.000866	0.000362
-1.4E-05	-0.000545	-0.000275	-0.001302	0.00056	0.000289	0.000491	0.000489	9.1E-05	0.000263	0.000602	0.000334	8E-06	0.000298	-0.000249	0.000242	0.000498	0.000742	0.000624	0.000356	0.000577	0.0026	0.00078	-0.000174	0.000842	0.000302
-5.3E-05	-0.000538	-0.000401	-0.001192	0.000424	0.000284	0.000362	0.000428	6.7E-05	0.000136	0.000543	0.000271	0.000108	8.3E-05	-0.000325	0.000139	0.000337	0.000702	0.000636	0.000234	0.000464	0.002587	0.000734	-0.000216	0.000868	0.00035
-4.7E-05	-0.00033	-0.000265	-0.001056	0.000481	0.000279	0.000328	0.000547	7.9E-05	0.000178	0.000643	0.000365	8.4E-05	0.000147	-0.000271	0.000197	0.000376	0.000693	0.000543	0.000376	0.000582	0.00268	0.00085	-0.000155	0.000836	0.000245
3.7E-05	-0.000236	-0.000315	-0.000927	0.000446	0.000291	0.000403	0.00058	8.7E-05	0.000235	0.000494	0.000269	8E-05	0.000243	-0.000144	0.000255	0.000458	0.000614	0.000539	0.000376	0.000584	0.00255	0.000912	-0.000141	0.000793	0.00032
-4.6E-05	-0.000219	-0.000319	-0.000788	0.000378	0.000213	0.000259	0.000383	1.9E-05	6.3E-05	0.000525	0.000338	8.3E-05	0.000294	-0.000198	0.000152	0.000368	0.000522	0.000501	0.000361	0.000477	0.002528	0.000827	-0.000245	0.000681	0.000181
-1.6E-05	-0.000196	-0.000433	-0.000808	0.000339	0.000201	0.000225	0.000283	-3E-05	6E-05	0.000355	0.000248	-1E-06	0.000217	-0.000191	9.5E-05	0.000247	0.000465	0.000439	0.000289	0.000339	0.002236	0.000746	-0.000184	0.000548	7.9E-05
3.2E-05	-0.000198	-0.000252	-0.000607	0.000324	0.000187	0.000283	0.000386	-5.5E-05	4.8E-05	0.000453	0.000291	0.000106	0.000339	-0.000147	0.000123	0.000357	0.000418	0.000366	0.000348	0.000403	0.002023	0.000819	-0.000146	0.00044	0.000176
3.6E-05	-0.000114	-0.000318	-0.000535	0.000267	0.000147	0.000168	0.000297	-3.5E-05	5E-06	0.000299	0.00019	1.4E-05	0.000468	-0.000183	0.000169	0.000186	0.000356	0.000327	0.000331	0.000306	0.00166	0.000742	-0.000256	0.000311	0.000138
-0.000165	-0.000174	-0.00044	-0.000558	9.6E-05	-3.7E-05	0.00012	0.000214	-0.000172	-6.9E-05	0.000221	0.000128	-9E-05	0.000322	-0.000296	1.4E-05	0.000223	0.000207	0.000178	0.000163	0.000195	0.001262	0.000646	-0.000307	0.000129	-3.4E-05
-3.3E-05	-0.000198	-0.0003	-0.000403	0.000123	3.9E-05	7E-05	0.000148	-0.000186	-7.2E-05	0.00012	4.2E-05	-0.000116	0.0003	-0.000311	1.9E-05	0.0001	8.1E-05	0.00022	0.00019	0.000236	0.000881	0.000533	-0.000231	0.000142	-0.000104
-4E-05	-0.00014	-0.000272	-0.000443	2.6E-05	-2.6E-05	2.5E-05	0.000134	-0.000186	-9.8E-05	0.000203	0.0001	-0.000148	0.000304	-4.6E-05	2.9E-05	0.00011	7.9E-05	9.1E-05	0.000201	0.000179	0.000678	0.000495	-0.000198	0.00011	-4.3E-05
-0.000284	-0.000372	-0.000533	-0.000682	-0.000289	-0.000268	-0.000165	-0.0001	-0.000362	-0.000484	-0.000191	-0.000198	-0.000303	-3.8E-05	-0.00032	-0.000202	-8.8E-05	-0.000184	-4.5E-05	-6.8E-05	-5.2E-05	0.000204	0.000153	-0.000583	-0.000179	-0.000314
-0.00018	-0.000189	-0.000428	-0.000454	-0.000186	-0.000102	-4.2E-05	-0.000108	-0.000256	-0.000242	-0.000102	-9.1E-05	-0.000159	7.3E-05	-0.000325	-0.000198	1E-06	-0.000158	-0.000106	6E-06	-2.2E-05	7E-05	0.00021	-0.000296	-0.000137	-0.000245
7E-05	-2.9E-05	-0.000138	-0.000205	3E-05	3.2E-05	0.000103	2.6E-05	-7.5E-05	-5.4E-05	0.000118	0.000113	1E-05	0.00023	5.5E-05	2E-05	0.0002	6.9E-05	0.000122	0.000229	0.000135	0.000156	0.000276	-0.000155	0.000124	6.3E-05
0.000126	0.000148	-0.000143	-0.00011	0.000136	6.6E-05	9.8E-05	0.000113	3.3E-05	-1.7E-05	0.00014	0.000139	6.3E-05	0.000182	7E-05	8.4E-05	0.000199	0.000103	0.000106	0.00029	8.8E-05	0.000187	0.000288	-3.2E-05	0.000171	1.6E-05
-1E-06	-8E-06	-0.000161	-0.000108	6.2E-05	-1.7E-05	-3.4E-05	-2.8E-05	-2E-05	-0.000122	3E-06	0	-1.8E-05	0.000155	3E-06	-2E-05	-3.2E-05	2E-06	-5.7E-05	9.2E-05	-3.3E-05	-3.7E-05	0.000119	-6.8E-05	-2.8E-05	1.8E-05
0	0	0	0	0	0	0	0	0	0	0	0	0	0	0	0	0	0	0	0	0	0	0	0	0	0
-2.4E-05	-2E-05	-0.00024	-5.6E-05	-0.000101	-5.7E-05	-0.000135	7.6E-05	4.5E-05	-0.000162	-7.4E-05	-7.2E-05	-2.9E-05	-0.000194	-7.3E-05	-5.1E-05	-0.000131	-0.000113	-1.4E-05	-6.6E-05	1.3E-05	6.9E-05	1.4E-05	-4.2E-05	1E-06	0.000117
-9.3E-05	-9.9E-05	-0.0001	1.1E-05	-7.3E-05	-2.2E-05	-8E-05	-0.00016	7.9E-05	-0.00016	-1.6E-05	-9.5E-05	-0.000112	-0.000225	-6.5E-05	-9.9E-05	4.6E-05	-9.1E-05	-0.00014	-2.6E-05	7.1E-05	-4.1E-05	-0.000101	4.7E-05	-5.4E-05	0.000303
-0.000103	-0.000131	-0.000174	6.5E-05	1E-05	3.8E-05	-0.000151	-0.000217	0.000164	-8E-05	-8.1E-05	-0.000158	-9.1E-05	-0.000334	-9.4E-05	-0.000166	-2.1E-05	-0.000143	-0.000186	-0.000132	-3E-06	-4.9E-05	-0.000176	0.000157	-4.7E-05	0.000288
-0.000435	-0.000358	-0.000424	-0.000124	-0.000361	-0.000251	-0.00032	-0.000418	7.4E-05	-0.000445	-0.000363	-0.000501	-0.000291	-0.000727	-0.000592	-0.000543	-0.000306	-0.000364	-0.000478	-0.000225	-0.000198	-0.000223	-0.000411	-0.000109	-0.000424	0.000198
-0.000279	-0.000314	-0.000273	0.000102	-0.000326	-7E-05	-0.000354	-0.000384	0.000269	-0.000372	-0.000218	-0.000436	-0.000202	-0.000771	-0.000444	-0.000545	-0.000246	-0.000277	-0.000391	-0.000101	6E-06	-0.000167	-0.000529	6.7E-05	-0.000281	0.000296
-0.000371	-0.000308	-6.3E-05	0.000252	-0.000295	7E-05	-0.000307	-0.000389	0.000425	-0.000283	-0.000159	-0.000267	-0.000214	-0.000771	-0.000484	-0.000325	-0.000238	-0.000172	-0.000251	-0.000143	9.6E-05	-6.3E-05	-0.000462	0.000273	-0.000236	0.000394
-0.000322	-0.000367	-0.000124	0.000117	-0.000265	0.000136	-0.000299	-0.000434	0.00051	-0.000248	-0.000272	-0.00043	-0.000338	-0.000909	-0.000599	-0.000632	-0.00024	-0.000297	-0.000424	-0.000139	3.1E-05	-0.000157	-0.000449	0.000254	-0.00036	0.000427
-0.000284	-0.00031	-8E-06	0.000261	-0.000329	0.000362	-0.00017	-0.000435	0.000631	-0.00015	-0.000133	-0.000389	-0.000177	-0.000954	-0.000727	-0.000622	-0.000256	-0.000201	-0.000404	4.4E-05	0.000283	-0.000157	-0.000418	0.000349	-0.000329	0.000444
-0.000451	-0.00046	-2.1E-05	0.000156	-0.000393	0.000295	-0.000404	-0.000521	0.000572	-0.000138	-0.000297	-0.000612	-0.000309	-0.001273	-0.001073	-0.000715	-0.000369	-0.000317	-0.000536	-4.8E-05	4E-06	-9.1E-05	-0.000541	0.000296	-0.000532	0.000284
-0.000239	-0.000391	0.000236	0.00029	-0.000363	0.000534	-0.000233	-0.000303	0.000888	9.4E-05	-0.000114	-0.000408	-0.000207	-0.001047	-0.000801	-0.000727	-0.000163	-0.000128	-0.00038	5.8E-05	0.000302	4.2E-05	-0.000396	0.00054	-0.000277	0.000492
-0.000586	-0.000727	6.8E-05	8.6E-05	-0.000585	0.00043	-0.000616	-0.000648	0.000751	-4.7E-05	-0.000368	-0.000667	-0.000528	-0.00152	-0.001326	-0.001149	-0.000406	-0.000467	-0.00072	-0.000304	-4E-05	-0.000241	-0.00078	0.000279	-0.000737	0.000197
-0.000496	-0.000573	0.000272	0.000339	-0.00034	0.000605	-0.000312	-0.000551	0.001041	0.000254	-0.000155	-0.000543	-0.000217	-0.001498	-0.001205	-0.000995	-0.000268	-0.000273	-0.000432	-4.2E-05	0.000147	3.3E-05	-0.000671	0.000549	-0.000432	0.000372
-0.000514	-0.000578	0.000414	0.000259	-0.000441	0.000701	-0.000151	-0.000422	0.001188	0.000491	9E-06	-0.000426	-0.000303	-0.001568	-0.001218	-0.001056	-0.000161	-0.000299	-0.000439	8.8E-05	0.000226	0.000117	-0.000598	0.000629	-0.00046	0.000273
-0.000717	-0.000961	0.000131	9.7E-05	-0.000808	0.000497	-0.000541	-0.000788	0.000949	0.000291	-0.000424	-0.00081	-0.000611	-0.001909	-0.001707	-0.001239	-0.000514	-0.00055	-0.000836	-0.000429	-8.1E-05	-8.4E-05	-0.000939	0.000407	-0.000762	-0.000214
-0.000418	-0.000711	0.00114	0.000548	-0.000569	0.001049	-0.000304	-0.000163	0.002335	0.003197	-0.000368	-0.00049	-0.0003	-0.002014	-0.001286	-0.001178	-0.000134	-0.000451	-0.000433	-0.000892	-0.00051	0.00037	-0.001035	0.00136	-0.000464	-0.000137
-0.000579	-0.00078	0.001007	0.000287	-0.000713	0.001029	-0.000433	-0.000229	0.002155	0.003155	-0.000382	-0.000722	-0.000469	-0.002082	-0.001394	-0.001366	-0.000316	-0.000509	-0.000541	-0.000907	-0.000673	0.000354	-0.001226	0.001304	-0.000572	-0.000237
-0.000621	-0.00072	0.001051	0.000258	-0.000718	0.000759	-0.000409	-0.000224	0.002131	0.003071	-0.000551	-0.000734	-0.000591	-0.002227	-0.001411	-0.001298	-0.000391	-0.000655	-0.000538	-0.001065	-0.000937	0.000322	-0.001355	0.001249	-0.000625	-0.00033
-0.000733	-0.000811	0.000854	-1E-05	-0.000776	0.000716	-0.000529	-0.000347	0.002047	0.00298	-0.00073	-0.000882	-0.000791	-0.002199	-0.001465	-0.001511	-0.000555	-0.000796	-0.000751	-0.001298	-0.000954	0.00017	-0.001522	0.001053	-0.000772	-0.00057
-0.000708	-0.000655	0.001005	0.000119	-0.000838	0.000496	-0.000584	-0.000242	0.002084	0.002985	-0.000702	-0.000924	-0.000725	-0.002289	-0.001449	-0.001465	-0.000545	-0.000917	-0.00072	-0.001418	-0.001227	0.000229	-0.001576	0.001006	-0.000893	-0.000434
-0.000517	-0.000367	0.001378	0.000151	-0.0006	0.000728	-0.000465	1.2E-05	0.002316	0.003288	-0.00045	-0.000849	-0.000671	-0.002153	-0.001162	-0.001021	-0.000463	-0.000734	-0.000413	-0.001176	-0.001068	0.000404	-0.001395	0.001145	-0.000686	-0.00025
-0.000563	-0.000147	0.001274	0.000188	-0.000577	0.0005	-0.000257	-0.000124	0.002187	0.002954	-0.00049	-0.000741	-0.000785	-0.002206	-0.00126	-0.001082	-0.000388	-0.000788	-0.000535	-0.001362	-0.001142	0.000396	-0.001525	0.001062	-0.000712	-0.000257
-0.000468	-8E-05	0.001341	0.000194	-0.000561	0.000309	-0.000307	-7.3E-05	0.002214	0.003032	-0.000454	-0.000712	-0.000817	-0.00223	-0.001136	-0.001033	-0.000312	-0.000784	-0.000532	-0.001257	-0.001061	0.000411	-0.00148	0.001023	-0.000832	-0.000252
-0.00042	0.000211	0.001406	0.000112	-0.000442	0.000206	-0.000303	-5.5E-05	0.002104	0.003059	-0.000391	-0.000725	-0.000753	-0.002183	-0.001108	-0.000918	-0.000494	-0.00086	-0.000515	-0.001352	-0.001115	0.00039	-0.001566	0.000912	-0.000647	-0.000206
-0.000189	0.000606	0.001861	0.000348	-0.000212	0.000492	-3.9E-05	0.00029	0.002448	0.00329	-0.00016	-0.000553	-0.00061	-0.00189	-0.00088	-0.000503	-9.6E-05	-0.000557	-0.000101	-0.00115	-0.000999	0.000777	-0.001312	0.001129	-0.000389	1.1E-05
-0.000346	0.000525	0.001528	2.7E-05	-0.000371	0.000296	-0.000238	2.7E-05	0.002227	0.003108	-0.000427	-0.000704	-0.000905	-0.002025	-0.001149	-0.000638	-0.000487	-0.00087	-0.000319	-0.001458	-0.001129	0.000551	-0.00161	0.000948	-0.000674	-0.000275
-0.000477	0.000658	0.001538	2.3E-05	-0.000313	8.4E-05	-0.000311	6E-06	0.002078	0.002761	-0.000395	-0.000719	-0.000959	-0.002122	-0.001183	-0.000743	-0.000537	-0.00087	-0.000372	-0.001511	-0.001152	0.000494	-0.001771	0.00074	-0.000706	-0.000353
-0.000502	0.000855	0.001452	-3.1E-05	-0.000338	0.000391	-0.00024	-1.8E-05	0.002032	0.002727	-0.000432	-0.000759	-0.001068	-0.002171	-0.001087	-0.000761	-0.000513	-0.000922	-0.000411	-0.001432	-0.001133	0.000463	-0.001779	0.000621	-0.000755	-0.000322
-0.000762	0.000747	0.001144	-0.000469	-0.000584	0.000181	-0.000592	-0.000353	0.001578	0.002387	-0.000719	-0.001013	-0.001369	-0.002421	-0.001415	-0.001186	-0.000939	-0.001228	-0.000652	-0.001795	-0.001441	0.000129	-0.002147	0.000318	-0.001033	-0.00072
-0.000541	0.001192	0.001425	-0.000371	-0.000299	0.000336	-0.000435	-0.00018	0.001826	0.002437	-0.000459	-0.0007	-0.001116	-0.002182	-0.001155	-0.000917	-0.000821	-0.001005	-0.000157	-0.001626	-0.001204	0.000324	-0.001965	0.000491	-0.000788	-0.00044
-0.000471	0.001463	0.001484	-0.000566	-0.000163	0.000372	-0.000394	-0.00019	0.001929	0.002267	-0.000432	-0.000671	-0.001278	-0.002213	-0.000992	-0.000942	-0.000808	-0.000968	-0.000124	-0.001376	-0.001165	0.000375	-0.001954	0.000555	-0.000799	-0.000435
-0.000754	0.001241	0.001149	-0.001106	-0.00033	6.6E-05	-0.000704	-0.000561	0.00156	0.002014	-0.00078	-0.001011	-0.001513	-0.002324	-0.001292	-0.001508	-0.00108	-0.001319	-0.000368	-0.001855	-0.001504	0.00011	-0.002392	0.000199	-0.001107	-0.000884
-0.000757	0.001366	0.001137	-0.001069	-0.00027	0.000118	-0.000768	-0.000619	0.001507	0.002045	-0.000759	-0.000946	-0.001616	-0.002248	-0.001156	-0.001572	-0.001064	-0.00132	-0.000243	-0.00176	-0.001508	-9E-06	-0.002508	0.000241	-0.001035	-0.000904
-0.000401	0.001849	0.001507	-0.000729	0.000293	0.000547	-0.000408	-0.000288	0.001861	0.00245	-0.000341	-0.000631	-0.001248	-0.001911	-0.000704	-0.001507	-0.000751	-0.000886	7.5E-05	-0.001323	-0.001065	0.000304	-0.002141	0.000618	-0.000675	-0.00055
-0.000387	0.001922	0.001355	-0.00077	0.000442	0.000561	-0.000466	-0.000353	0.001721	0.002791	-0.00039	-0.000679	-0.001228	-0.001955	-0.000554	-0.001684	-0.000782	-0.00094	-1.2E-05	-0.001307	-0.001057	0.000262	-0.002329	0.000575	-0.000806	-0.000499
-0.000575	0.002002	0.00116	-0.001103	0.00052	0.000462	-0.00064	-0.000474	0.001541	0.002768	-0.000431	-0.000733	-0.001239	-0.002218	-0.000677	-0.002073	-0.000739	-0.001098	-0.000105	-0.001579	-0.001153	0.000199	-0.002395	0.000639	-0.000856	-0.000635
-0.000345	0.002323	0.001452	-0.000849	0.001079	0.000772	-0.00044	-0.000396	0.001595	0.003104	-0.00016	-0.000494	-0.001021	-0.001898	-0.000265	-0.002199	-0.000668	-0.000831	0.00017	-0.001092	-0.000917	0.000349	-0.002184	0.000991	-0.000627	-0.000371
-0.000582	0.002029	0.001266	-0.001064	0.001059	0.00061	-0.000575	-0.000633	0.001343	0.002868	-0.000385	-0.000653	-0.001389	-0.002089	-0.000381	-0.002734	-0.000768	-0.001001	0.000125	-0.001184	-0.001105	0.000103	-0.002501	0.000836	-0.000718	-0.000552
-0.000644	0.002149	0.00129	-0.001072	0.001147	0.000573	-0.000584	-0.000693	0.001146	0.00326	-0.000356	-0.000536	-0.001286	-0.002179	-0.000391	-0.002909	-0.000796	-0.001171	3E-05	-0.001055	-0.00097	0	-0.002539	0.000892	-0.000752	-0.000593
-0.00068	0.002207	0.000944	-0.001121	0.001284	0.000425	-0.000675	-0.000912	0.001008	0.002796	-0.000422	-0.000604	-0.001413	-0.002237	-0.000242	-0.003134	-0.000883	-0.001158	-8.4E-05	-0.000942	-0.001167	-0.000117	-0.002706	0.000925	-0.000858	-0.000568
-0.000686	0.002217	0.001106	-0.001061	0.001493	0.000421	-0.000645	-0.00086	0.000696	0.00252	-0.000383	-0.000577	-0.001268	-0.00221	-0.000292	-0.003212	-0.000741	-0.001317	-0.000145	-0.000951	-0.001162	-0.000128	-0.002728	0.000917	-0.00093	-0.000632
-0.000694	0.002188	0.000991	-0.000912	0.00176	0.000257	-0.000768	-0.000945	0.000656	0.002328	-0.000347	-0.00054	-0.00144	-0.002269	-5.3E-05	-0.003289	-0.000728	-0.001515	-0.000144	-0.000702	-0.001065	-0.000109	-0.002565	0.001097	-0.000673	-0.000665
-0.000613	0.002101	0.001049	-0.000755	0.002031	0.000294	-0.000727	-0.000909	0.000588	0.00201	-0.000171	-0.000333	-0.001324	-0.002191	0.000142	-0.003447	-0.000513	-0.001415	-0.000216	-0.000575	-0.0009	-0.000114	-0.002472	0.001215	-0.000628	-0.000464
-0.000786	0.001986	0.000745	-0.000922	0.001776	-0.000225	-0.000818	-0.001049	0.000339	0.001677	-0.000215	-0.00055	-0.001407	-0.002407	-0.000144	-0.003755	-0.000579	-0.001571	-0.000381	-0.000737	-0.001082	-0.000352	-0.002726	0.001036	-0.000847	-0.000578
-0.000779	0.002125	0.000729	-0.000934	0.001898	-0.000246	-0.000755	-0.000961	0.000158	0.001297	-0.00029	-0.000479	-0.001391	-0.00229	0.000145	-0.003904	-0.000333	-0.001492	-0.000212	-0.000638	-0.000976	-0.00021	-0.002689	0.001159	-0.000733	-0.00039
-0.000971	0.002032	0.000529	-0.001165	0.001699	-0.000495	-0.000907	-0.001172	-0.000197	0.000935	-0.000374	-0.000711	-0.001348	-0.00261	-0.000197	-0.00437	-0.00042	-0.001814	-0.000646	-0.00064	-0.001119	-0.000421	-0.002775	0.001105	-0.000942	-0.000592
-0.000917	0.001811	0.000374	-0.000976	0.001468	-0.00085	-0.000978	-0.000984	-0.000362	0.000891	-0.000356	-0.00061	-0.001537	-0.002449	-7.4E-05	-0.004512	-0.000644	-0.0017	-0.0007	-0.000539	-0.001129	-0.000336	-0.002761	0.001148	-0.000814	-0.000587
-0.000942	0.001782	0.000463	-0.00072	0.001658	-0.000856	-0.000829	-0.000847	-0.000535	0.000587	-0.000204	-0.000393	-0.001384	-0.002391	0.000153	-0.004302	-0.000365	-0.001519	-0.000454	-0.000356	-0.000918	-0.000126	-0.002503	0.00113	-0.000735	-0.0003
-0.000968	0.001617	0.000377	-0.000932	0.001546	-0.001048	-0.000944	-0.000999	-0.000818	0.000253	-0.000277	-0.000632	-0.001589	-0.00242	-2.2E-05	-0.004424	-0.000385	-0.001741	-0.000601	-0.000699	-0.000955	-0.000191	-0.002687	0.001012	-0.000912	-0.000481
-0.000585	0.001812	0.000536	-0.000463	0.002016	-0.00061	-0.000516	-0.000504	-0.0004	0.000506	0.00011	-0.000222	-0.001067	-0.002105	0.000252	-0.004026	-0.000103	-0.00137	-0.000334	-3.8E-05	-0.000531	0.000312	-0.002335	0.00125	-0.000521	2.5E-05
-0.000669	0.001358	0.000236	-0.000706	0.001879	-0.001006	-0.000779	-0.000702	-0.00065	0.00016	0.0001	-0.00041	-0.001028	-0.002314	0.000217	-0.00422	-3.1E-05	-0.001596	-0.000206	-0.000321	-0.000616	0.000268	-0.002434	0.000967	-0.000747	-0.000243
-0.000753	0.001234	2E-05	-0.000881	0.001796	-0.000978	-0.000791	-0.000822	-0.000895	-0.000186	-7E-05	-0.000483	-0.001058	-0.002287	0.000122	-0.004307	-0.000339	-0.00166	-0.000401	-0.000685	-0.000926	0.000188	-0.002617	0.000975	-0.000848	-0.000312
-0.001092	0.000547	-0.000361	-0.001201	0.001497	-0.001322	-0.001052	-0.000914	-0.001077	-0.000881	-0.000259	-0.000853	-0.001268	-0.002722	-0.000189	-0.004765	-0.000547	-0.001918	-0.000302	-0.000964	-0.001243	-0.000186	-0.002962	0.000487	-0.001181	-0.000605
-0.000849	0.000819	-4.2E-05	-0.00101	0.001893	-0.001249	-0.00084	-0.000604	-0.000901	-0.000933	6.4E-05	-0.000565	-0.000771	-0.002392	-0.000144	-0.004472	-0.000476	-0.001603	0.00017	-0.000884	-0.000907	0.000211	-0.002472	0.000305	-0.000863	-0.000731
-0.000914	0.000505	-0.000149	-0.001071	0.001686	-0.001074	-0.000659	-0.000818	-0.000725	-0.00104	-0.000169	-0.000589	-0.000685	-0.002378	-5.1E-05	-0.004593	-0.000296	-0.00174	0.000207	-0.000685	-0.000905	0.000255	-0.00259	0.00028	-0.000904	-0.000519
-0.00095	0.000296	-0.000299	-0.001124	0.001531	-0.00113	-0.00053	-0.000854	-0.000929	-0.001316	-0.000113	-0.000734	-0.000737	-0.002434	-0.000257	-0.004604	-0.000725	-0.001657	0.000385	-0.000963	-0.000988	0.000154	-0.00264	-8E-05	-0.001011	-0.000648
-0.001164	2.168404E-19	-0.00047	-0.001545	0.001321	-0.001447	-0.000743	-0.000906	-0.000913	-0.001454	-0.000324	-0.000814	-0.000864	-0.002554	-0.000449	-0.004657	-0.000938	-0.001878	0.000193	-0.001536	-0.001317	-0.000238	-0.002716	-0.000648	-0.001367	-0.000828
-0.001022	-4.3E-05	-0.000328	-0.001408	0.001193	-0.001106	-0.000542	-0.000704	-0.000642	-0.001386	-0.000182	-0.000717	-0.000722	-0.002527	-0.000401	-0.004526	-0.00096	-0.001767	0.000298	-0.001567	-0.000997	-8E-05	-0.002342	-0.000876	-0.001141	-0.000853
-0.00108	-0.000545	-0.000547	-0.001611	0.00087	-0.001385	-0.000571	-0.000849	-0.000656	-0.001568	-0.000478	-0.000846	-0.000667	-0.002507	-0.000587	-0.004804	-0.001183	-0.001874	0.000145	-0.001758	-0.001313	-0.000245	-0.002232	-0.001638	-0.001407	-0.000863
-0.001029	-0.000444	-0.000292	-0.001508	0.001011	-0.001034	-0.000378	-0.000561	-0.00027	-0.001341	-0.000241	-0.000612	-0.000498	-0.002421	-0.000508	-0.004578	-0.001049	-0.001627	0.000516	-0.001801	-0.001113	-0.000154	-0.001877	-0.001804	-0.001386	-0.000595
-0.001176	-0.000556	-0.000472	-0.001868	0.000764	-0.001173	-0.000431	-0.000752	-0.000236	-0.001592	-0.000453	-0.000842	-0.000686	-0.002448	-0.000651	-0.004735	-0.001047	-0.001872	0.000536	-0.002	-0.001326	-8E-05	-0.001797	-0.002484	-0.00141	-0.00089
-0.000944	-0.000321	-0.000251	-0.001621	0.000871	-0.000826	-0.000232	-0.000499	0.000298	-0.001312	-0.000258	-0.000635	-0.000371	-0.002143	-0.000487	-0.004627	-0.000917	-0.001638	0.000648	-0.001947	-0.001024	0.000202	-0.001162	-0.002855	-0.00132	-0.000577
-0.000969	-0.000443	-0.000354	-0.001832	0.000861	-0.000625	-0.000206	-0.00037	0.00033	-0.001292	-0.000201	-0.000668	-0.000132	-0.002276	-0.000515	-0.00462	-0.001026	-0.001526	0.000858	-0.002008	-0.000985	0.000161	-0.000854	-0.003159	-0.00127	-0.00042
-0.000968	-0.000613	-0.000287	-0.001867	0.000804	-0.000566	-0.000152	-0.00044	0.000608	-0.001354	-0.000439	-0.000746	-9.2E-05	-0.00226	-0.000583	-0.00457	-0.00096	-0.001448	0.000756	-0.002202	-0.000893	0.000191	-0.000813	-0.00365	-0.001332	-0.000462
-0.001056	-0.000674	-0.000496	-0.002064	0.000679	-0.000424	-0.000248	-0.000576	0.000684	-0.00152	-0.000491	-0.000889	-0.000325	-0.002213	-0.000848	-0.004642	-0.000956	-0.001646	0.000836	-0.002283	-0.000938	-5.1E-05	-0.000834	-0.004049	-0.001572	-0.000455
-0.000971	-0.000685	-0.000281	-0.002089	0.00058	-0.000135	-8.2E-05	-0.000304	0.000909	-0.001312	-0.000331	-0.000605	1.3E-05	-0.00215	-0.000822	-0.004486	-0.000806	-0.00123	0.000938	-0.002131	-0.000491	1.8E-05	-0.00051	-0.004096	-0.001392	-0.000103
-0.000946	-0.001071	-0.000335	-0.002184	0.000618	0.00011	-4.5E-05	-0.000348	0.001027	-0.001423	-0.000451	-0.000606	2E-06	-0.002092	-0.000796	-0.004536	-0.000867	-0.001272	0.00095	-0.002156	-0.000529	-3E-06	-0.000327	-0.004236	-0.001481	-0.000115
-0.000879	-0.001205	-0.00032	-0.002189	0.00054	0.000486	8.5E-05	-0.00025	0.00104	-0.001314	-0.000292	-0.00061	-2.4E-05	-0.002234	-0.000949	-0.004508	-0.000754	-0.00132	0.001196	-0.00218	-0.000259	0.000101	-0.000308	-0.004211	-0.001284	-2.4E-05
-0.000976	-0.00175	-0.000522	-0.002541	0.000543	0.000636	-0.000263	-0.000316	0.000991	-0.0016	-0.000404	-0.000736	-0.000142	-0.002271	-0.001118	-0.004623	-0.001002	-0.001385	0.000915	-0.002343	-8.5E-05	1E-06	-0.000704	-0.004296	-0.00152	-8.3E-05
-0.000872	-0.002072	-0.000531	-0.002516	0.000477	0.000932	-0.000304	-0.000256	0.0009	-0.001438	-0.000428	-0.000451	-0.000154	-0.002081	-0.001232	-0.004592	-0.000769	-0.001322	0.00097	-0.002249	0.000259	7.8E-05	-0.000767	-0.004362	-0.001423	-0.000157
-0.000866	-0.0022	-0.000445	-0.002574	0.000482	0.001253	-0.000254	-3.3E-05	0.00099	-0.001315	-0.000252	-0.000492	-0.000109	-0.002126	-0.00136	-0.004533	-0.00072	-0.001173	0.001185	-0.002397	0.000656	9.5E-05	-0.00087	-0.004193	-0.001399	-8.7E-05
-0.000967	-0.002427	-0.000585	-0.002679	0.000372	0.001425	-0.000445	-0.000176	0.00061	-0.001372	-0.000397	-0.00017	-0.000345	-0.002259	-0.001493	-0.004545	-0.000856	-0.001175	0.001046	-0.002507	0.000674	1.4E-05	-0.00117	-0.004299	-0.001483	-0.000225
-0.001048	-0.002465	-0.000548	-0.002832	0.000428	0.001687	-0.00042	-0.000148	0.000218	-0.001319	-0.000307	-3.2E-05	-0.000562	-0.002252	-0.001603	-0.004446	-0.000882	-0.001275	0.001054	-0.002583	0.000838	-3E-05	-0.001225	-0.004385	-0.001438	-0.000384
-0.001162	-0.002544	-0.00058	-0.002932	0.000386	0.001981	-0.000383	-3.7E-05	8.7E-05	-0.001322	-0.00041	0.000519	-0.000675	-0.002423	-0.001692	-0.004514	-0.000854	-0.001196	0.001013	-0.002618	0.000972	-9.7E-05	-0.001488	-0.004293	-0.001441	-0.000407
-0.001068	-0.002431	-0.000592	-0.003108	0.000442	0.002533	-0.000204	0.000115	2.5E-05	-0.001358	-0.000366	0.001242	-0.000782	-0.002329	-0.001723	-0.004434	-0.00075	-0.001226	0.001159	-0.002613	0.001153	-0.000198	-0.001855	-0.004239	-0.001378	-0.000487
-0.001087	-0.002613	-0.000778	-0.003248	0.000413	0.002739	-0.000212	5E-06	-0.000279	-0.001447	-0.000416	0.001695	-0.00095	-0.002457	-0.001918	-0.004543	-0.000935	-0.001249	0.001205	-0.002794	0.001019	-0.000329	-0.002323	-0.004449	-0.001458	-0.000662
-0.000846	-0.002467	-0.000452	-0.00304	0.000551	0.003146	0.000167	0.000387	-0.000234	-0.001062	-0.000203	0.002536	-0.001008	-0.002253	-0.00175	-0.004271	-0.00064	-0.001107	0.001516	-0.002557	0.001321	-9.8E-05	-0.002156	-0.004215	-0.001124	-0.000512
-0.000856	-0.00239	-0.000487	-0.003239	0.000555	0.003501	0.00028	0.000457	-0.000514	-0.001175	-0.000205	0.002848	-0.001068	-0.002323	-0.001796	-0.004182	-0.000628	-0.000978	0.001457	-0.002508	0.001189	-1.3E-05	-0.002179	-0.004154	-0.001071	-0.000499
-0.001024	-0.002621	-0.000589	-0.003477	0.000467	0.003735	0.000229	0.000317	-0.00088	-0.001225	-0.000299	0.003069	-0.001207	-0.00254	-0.001962	-0.004349	-0.000759	-0.001128	0.001444	-0.002575	0.001029	-0.000142	-0.002327	-0.004232	-0.001166	-0.000787
-0.001116	-0.002893	-0.00073	-0.003767	0.000241	0.003778	8.7E-05	0.00014	-0.001341	-0.001416	-0.000508	0.002591	-0.001496	-0.002669	-0.00226	-0.004474	-0.001024	-0.001398	0.001209	-0.002794	0.00053	-0.00032	-0.002556	-0.004387	-0.00133	-0.000959
-0.00092	-0.002682	-0.000481	-0.003619	0.00028	0.004064	0.000431	0.000513	-0.00138	-0.001213	-0.000371	0.002595	-0.00138	-0.002577	-0.002079	-0.00419	-0.00088	-0.00106	0.001556	-0.002554	0.000546	-1.8E-05	-0.002372	-0.0042	-0.000931	-0.000766
-0.000761	-0.002539	-0.000396	-0.003552	0.000394	0.004529	0.000608	0.000789	-0.001231	-0.000957	-0.000215	0.002375	-0.001165	-0.002397	-0.002028	-0.004018	-0.000708	-0.00104	0.001664	-0.002324	0.000444	0.000128	-0.002276	-0.004039	-0.00086	-0.000578
-0.000823	-0.00275	-0.000574	-0.003824	0.000237	0.004514	0.000565	0.0006	-0.001505	-0.001077	-0.000367	0.00165	-0.00116	-0.002611	-0.002211	-0.004091	-0.000855	-0.001141	0.001508	-0.002459	0.000138	-3.9E-05	-0.002358	-0.00421	-0.000981	-0.000709
-0.000901	-0.002809	-0.000688	-0.003958	-7.7E-05	0.004383	0.000445	0.000645	-0.001599	-0.001088	-0.000537	0.000786	-0.001216	-0.002859	-0.00234	-0.004085	-0.000984	-0.001243	0.001496	-0.002521	-0.000207	-0.000163	-0.002467	-0.004184	-0.001088	-0.000742
-0.000663	-0.002742	-0.000526	-0.003965	8.2E-05	0.004465	0.000716	0.00075	-0.00144	-0.000732	-0.000436	0.000247	-0.000934	-0.002564	-0.002293	-0.004058	-0.000828	-0.001168	0.001505	-0.002356	-0.000181	0	-0.002311	-0.004097	-0.000915	-0.000597
-0.000648	-0.002723	-0.000714	-0.003975	3E-06	0.004397	0.000713	0.000816	-0.001451	-0.000911	-0.000487	-0.000378	-0.001072	-0.002807	-0.002353	-0.003936	-0.000947	-0.001324	0.001663	-0.002513	-0.000311	-9.4E-05	-0.002336	-0.004112	-0.000754	-0.000629
-0.000703	-0.002869	-0.000829	-0.004047	-3.3E-05	0.004175	0.00079	0.000825	-0.001275	-0.000738	-0.0005	-0.000733	-0.000994	-0.002789	-0.002393	-0.004002	-0.000996	-0.001361	0.001503	-0.002491	-0.000301	-0.000128	-0.002286	-0.004164	-0.000779	-0.000708
-0.000601	-0.002778	-0.001009	-0.004204	-6.8E-05	0.003938	0.000567	0.000844	-0.001396	-0.000634	-0.000491	-0.00103	-0.001006	-0.002849	-0.002316	-0.00394	-0.000941	-0.001427	0.001337	-0.002491	-0.00024	-0.000124	-0.002308	-0.004244	-0.000652	-0.000614
-0.00056	-0.002699	-0.000905	-0.004215	2.3E-05	0.003832	0.000617	0.000883	-0.001233	-0.000538	-0.000456	-0.000876	-0.000823	-0.002737	-0.002109	-0.0038	-0.000904	-0.001431	0.001399	-0.00247	-2.5E-05	1E-06	-0.002146	-0.004227	-0.000605	-0.000542
-0.000466	-0.002713	-0.001058	-0.004189	-0.000187	0.003448	0.000453	0.000834	-0.001181	-0.00032	-0.000414	-0.000978	-0.000693	-0.002712	-0.002038	-0.003854	-0.000962	-0.001564	0.001354	-0.00252	9.1E-05	-3.8E-05	-0.002102	-0.004302	-0.000741	-0.000451
-0.000593	-0.002876	-0.001129	-0.004487	-0.000493	0.00295	0.000344	0.000661	-0.001245	-0.00048	-0.000625	-0.001107	-0.000878	-0.002882	-0.00222	-0.004084	-0.001084	-0.001723	0.000948	-0.002611	-7.7E-05	-0.000235	-0.00227	-0.004512	-0.000835	-0.000561
-0.000379	-0.002847	-0.001148	-0.004422	-0.000227	0.002542	0.000323	0.000701	-0.001119	-7E-05	-0.00056	-0.001001	-0.000695	-0.002591	-0.002262	-0.003825	-0.001109	-0.001828	0.000931	-0.002542	9.7E-05	0.000101	-0.002013	-0.004359	-0.000755	-0.000336
-0.000314	-0.002647	-0.000936	-0.004325	-0.000377	0.002062	0.000242	0.000801	-0.001058	0.000172	-0.000488	-0.000756	-0.000608	-0.002358	-0.002214	-0.0037	-0.000977	-0.001708	0.00089	-0.002452	0.000136	0.000136	-0.001809	-0.004124	-0.000675	-0.000307
-0.000531	-0.002746	-0.001102	-0.004441	-0.00055	0.001507	4.6E-05	0.000449	-0.001357	-7E-06	-0.000699	-0.001038	-0.000841	-0.002461	-0.002428	-0.00407	-0.001333	-0.001997	0.000539	-0.002597	0.000285	-0.0002	-0.002131	-0.004168	-0.000928	-0.000408
-0.000723	-0.003001	-0.001345	-0.004512	-0.0004	0.000756	-0.000273	0.000214	-0.001383	0.000112	-0.000931	-0.001107	-0.000941	-0.002456	-0.002603	-0.00417	-0.001349	-0.002026	0.000304	-0.002533	0.000188	-0.000256	-0.002104	-0.004395	-0.001001	-0.000684
-0.000453	-0.002891	-0.001127	-0.004383	-0.000129	0.000178	-0.000227	0.000432	-0.00101	0.000472	-0.000755	-0.000979	-0.000817	-0.002153	-0.002381	-0.004007	-0.001233	-0.001741	0.000398	-0.002459	0.000331	-4.5E-05	-0.001867	-0.004049	-0.000997	-0.000519
-0.000564	-0.002911	-0.001006	-0.004287	6.6E-05	-0.000353	-0.000474	0.000391	-0.000696	0.000716	-0.000683	-0.001045	-0.000771	-0.002098	-0.002341	-0.003983	-0.00102	-0.001612	0.0003	-0.002319	0.000472	4.2E-05	-0.001791	-0.004005	-0.000883	-0.000368
-0.000567	-0.002842	-0.001096	-0.00434	6.4E-05	-0.000593	-0.000665	9.8E-05	-0.000593	0.001138	-0.000735	-0.001013	-0.000948	-0.00209	-0.002308	-0.004031	-0.000785	-0.001589	-4.8E-05	-0.002341	0.000469	9.4E-05	-0.00179	-0.003994	-0.00107	-0.0004
-0.000816	-0.003003	-0.001282	-0.004298	-1E-06	-0.000366	-0.000729	1.1E-05	-0.000511	0.001194	-0.000829	-0.0011	-0.000944	-0.002213	-0.002369	-0.004064	-0.000637	-0.001455	-4.1E-05	-0.002454	0.00018	0.000135	-0.00168	-0.003912	-0.001231	-0.000692
-0.00074	-0.002858	-0.001092	-0.004213	6.2E-05	-0.000176	-0.000595	-4.8E-05	-0.000397	0.001354	-0.000656	-0.001078	-0.000984	-0.002067	-0.002121	-0.004064	-0.000387	-0.001479	-6.9E-05	-0.002187	0.000319	0.000201	-0.001684	-0.003741	-0.001102	-0.000426
-0.000755	-0.00254	-0.001005	-0.0039	0.000402	4.6E-05	-0.000421	8.5E-05	-9.8E-05	0.00185	-0.000395	-0.000905	-0.000848	-0.001904	-0.001896	-0.003817	4.5E-05	-0.00111	0.000191	-0.001897	0.000292	0.000366	-0.001368	-0.003516	-0.00094	-0.000312
-0.001009	-0.002642	-0.001256	-0.004079	0.000215	-0.000124	-0.000706	-0.000308	-0.000397	0.001727	-0.000431	-0.001259	-0.001196	-0.002086	-0.0019	-0.004111	-6.8E-05	-0.001347	0.000145	-0.001576	3E-05	0.00032	-0.001598	-0.003667	-0.001093	-0.000521
-0.000947	-0.002599	-0.001063	-0.004043	0.000175	0.000155	-0.00063	-0.000356	-0.000212	0.001829	-0.000408	-0.001221	-0.001189	-0.002247	-0.001867	-0.004115	7.1E-05	-0.001346	0.000118	-0.001293	-4E-06	0.000355	-0.001531	-0.003632	-0.001227	-0.000563
-0.000913	-0.002641	-0.001243	-0.004007	0.0002	6.4E-05	-0.000694	-0.000583	-0.000438	0.001742	-0.000198	-0.001162	-0.001206	-0.002241	-0.001686	-0.004037	0.000258	-0.001195	4.4E-05	-0.001095	3E-05	0.000342	-0.001444	-0.00347	-0.001198	-0.00053
-0.000852	-0.002642	-0.001237	-0.004135	1E-05	0.000125	-0.000792	-0.000784	-0.000507	0.001582	-4.5E-05	-0.001305	-0.001203	-0.002394	-0.001749	-0.003978	0.00027	-0.001317	-9.6E-05	-0.000946	-9.4E-05	0.000353	-0.001426	-0.003374	-0.00126	-0.000712
-0.000983	-0.002676	-0.001307	-0.004218	-0.000219	1.7E-05	-0.000969	-0.001063	-0.000582	0.001504	2.8E-05	-0.001411	-0.001322	-0.002483	-0.001647	-0.003755	5.5E-05	-0.001162	-0.000225	-0.000753	-0.000283	0.000354	-0.001403	-0.003468	-0.001384	-0.000947
-0.000577	-0.002743	-0.001294	-0.004203	-0.000249	3.3E-05	-0.000875	-0.001173	-0.000815	0.001374	0.000269	-0.001197	-0.001203	-0.002416	-0.001347	-0.003406	-5.4E-05	-0.001081	-0.000187	-0.000622	-0.0003	0.000337	-0.001204	-0.003314	-0.001234	-0.001003
-0.000563	-0.002604	-0.00124	-0.003996	-0.00027	4.3E-05	-0.000833	-0.001228	-0.000793	0.001371	0.000377	-0.001071	-0.001136	-0.002466	-0.001124	-0.003181	-0.000118	-0.001024	-5.2E-05	-0.00064	-0.000192	0.000485	-0.001317	-0.003093	-0.001156	-0.001021
-0.000495	-0.00277	-0.001179	-0.003824	-0.000312	-0.000191	-0.000853	-0.001157	-0.000899	0.00144	0.000769	-0.000925	-0.001158	-0.002457	-0.001015	-0.002948	-0.00037	-0.000826	-5.9E-05	-0.000718	-0.00018	0.000526	-0.001201	-0.003249	-0.001126	-0.001131
-0.000363	-0.002773	-0.001136	-0.003465	-0.000343	-0.00043	-0.000899	-0.001175	-0.000802	0.001554	0.00087	-0.000727	-0.001208	-0.002452	-0.00077	-0.002854	-0.000561	-0.000591	-9.7E-05	-0.000893	-7.2E-05	0.000717	-0.001059	-0.003213	-0.000988	-0.000923
-0.000236	-0.002881	-0.001133	-0.003062	-0.000359	-0.00051	-0.000912	-0.001411	-0.00077	0.001685	0.000875	-0.00062	-0.001276	-0.002388	-0.000689	-0.002507	-0.000396	-0.0001	-0.000128	-0.001188	-3.1E-05	0.000872	-0.001038	-0.003064	-0.001021	-0.001036
-0.000111	-0.003055	-0.001279	-0.002623	-0.000474	-0.000506	-0.000901	-0.001404	-0.000569	0.001631	0.001122	-0.000442	-0.00132	-0.002468	-0.000644	-0.002297	-0.000587	0.000302	-0.000213	-0.001343	-2.8E-05	0.000953	-0.00102	-0.003089	-0.001102	-0.001074
-0.000196	-0.003169	-0.001316	-0.00229	-0.000497	-0.000569	-0.00097	-0.001509	-0.00075	0.001565	0.000909	-0.000563	-0.001472	-0.002545	-0.000714	-0.002237	-0.000709	0.000751	-0.000312	-0.001909	0.00017	0.000861	-0.00102	-0.003169	-0.001217	-0.001161
8.2E-05	-0.002985	-0.001162	-0.00189	-0.00044	-1.3E-05	-0.000736	-0.00144	-0.000392	0.001933	0.001104	-0.000267	-0.00148	-0.00254	-0.000404	-0.001916	-0.000626	0.001417	-0.000416	-0.001806	0.000243	0.000998	-0.000838	-0.00319	-0.001084	-0.000875
0.000136	-0.003102	-0.001213	-0.001708	-0.000468	0.000108	-0.000757	-0.001502	-0.000281	0.002087	0.001045	-9.8E-05	-0.001519	-0.002461	-0.00044	-0.00182	-0.000832	0.002116	-0.000506	-0.001336	0.000352	0.001098	-0.000853	-0.003172	-0.00121	-0.000719
0.000223	-0.003046	-0.001195	-0.001623	-0.000492	0.000141	-0.00072	-0.001412	-0.000179	0.002014	0.000941	-3E-06	-0.001664	-0.002598	-0.000463	-0.001864	-0.00094	0.002714	-0.000494	-0.001136	0.000498	0.001127	-0.000846	-0.003241	-0.001347	-0.000689
0.000189	-0.003188	-0.001134	-0.001712	-0.000673	0.000245	-0.000674	-0.001428	-0.000212	0.001944	0.000784	0.000131	-0.001853	-0.002553	-0.000645	-0.002063	-0.000874	0.00323	-0.000595	-0.001029	0.000444	0.001163	-0.000851	-0.003415	-0.001371	-0.000779
0.000321	-0.003009	-0.001055	-0.001863	-0.000481	0.000456	-0.00048	-0.001261	8.2E-05	0.002193	0.000859	0.000336	-0.001808	-0.002469	-0.000626	-0.00219	-0.000772	0.004266	-0.000501	-0.000672	0.000829	0.00135	-0.000585	-0.003316	-0.00118	-0.000641
0.000238	-0.003133	-0.001029	-0.002326	-0.000502	0.000285	-0.000527	-0.001345	0.000168	0.002011	0.000574	0.000339	-0.00205	-0.002629	-0.000802	-0.002505	-0.000921	0.004512	-0.00055	-0.000565	0.000805	0.001287	-0.000727	-0.003372	-0.001306	-0.000603
0.000125	-0.003145	-0.000986	-0.002718	-0.000682	0.000132	-0.00056	-0.001341	0.000301	0.001866	0.000206	0.00054	-0.00217	-0.002728	-0.000829	-0.002787	-0.000935	0.004785	-0.000408	-0.000548	0.001012	0.001218	-0.000821	-0.003381	-0.001277	-0.000703
-0.000206	-0.003316	-0.000972	-0.003344	-0.000843	-5.7E-05	-0.000648	-0.001425	0.000408	0.001531	-0.000158	0.000409	-0.002337	-0.002771	-0.00089	-0.003118	-0.001239	0.005179	-0.000489	-0.000673	0.001121	0.001038	-0.001017	-0.00364	-0.001344	-0.000813
-0.00016	-0.003255	-0.000646	-0.003708	-0.000769	-4.6E-05	-0.000465	-0.001227	0.000506	0.001304	-0.000235	0.000392	-0.002298	-0.002729	-0.000851	-0.0033	-0.001179	0.005894	-0.000403	-0.00061	0.00135	0.001129	-0.000921	-0.003487	-0.001409	-0.000718
-0.000107	-0.003167	-0.000444	-0.004001	-0.00072	-5.4E-05	-0.000316	-0.001152	0.000692	0.001186	-0.000417	0.000422	-0.002222	-0.002592	-0.000833	-0.003495	-0.001159	0.006272	-0.000228	-0.000675	0.001425	0.001174	-0.000851	-0.003469	-0.001376	-0.00041
-0.000287	-0.003087	-0.000254	-0.004198	-0.000671	-0.000257	-0.000262	-0.001156	0.000678	0.000998	-0.000573	0.000423	-0.002314	-0.00265	-0.000865	-0.003706	-0.00109	0.006467	-0.000283	-0.000935	0.001882	0.001195	-0.000884	-0.003568	-0.001362	-0.000315
-0.000466	-0.003232	6.8E-05	-0.004449	-0.000864	-0.00053	-0.000489	-0.001255	0.000528	0.000789	-0.000745	6.7E-05	-0.002466	-0.002734	-0.000958	-0.004002	-0.001194	0.006278	-0.00026	-0.001284	0.002063	0.001047	-0.001207	-0.003586	-0.00118	-0.000376
-0.000585	-0.003094	0.000188	-0.004586	-0.000639	-0.000673	-0.000565	-0.001167	0.00043	0.000636	-0.000748	-5.1E-05	-0.00244	-0.002808	-0.001139	-0.004022	-0.001234	0.006341	-0.000221	-0.001522	0.0021	0.001124	-0.001176	-0.003425	-0.001215	-0.000434
-0.000588	-0.002963	0.000461	-0.004577	-0.000278	-0.000613	-0.000445	-0.001121	0.000437	0.000756	-0.0007	-4.1E-05	-0.002372	-0.00263	-0.001106	-0.003824	-0.001089	0.006234	-0.000225	-0.001563	0.002507	0.001247	-0.001109	-0.00329	-0.000875	-0.000389
-0.000903	-0.002873	0.000518	-0.00459	-0.000303	-0.000763	-0.000515	-0.001059	0.000386	0.000605	-0.000721	-0.000149	-0.002379	-0.002855	-0.001352	-0.003874	-0.001224	0.005857	-0.000253	-0.001643	0.002425	0.001136	-0.001283	-0.003158	-0.000788	-0.000417
-0.001002	-0.002785	0.000659	-0.004446	-0.000229	-0.000781	-0.000477	-0.000837	0.00051	0.000769	-0.000752	-0.000175	-0.002281	-0.00277	-0.001365	-0.003814	-0.001226	0.005789	-0.000232	-0.001433	0.00267	0.001092	-0.001306	-0.003179	-0.000792	-0.000433
-0.001083	-0.002812	0.000631	-0.004546	-0.000205	-0.000907	-0.000654	-0.00104	0.000371	0.000487	-0.000861	-0.000389	-0.00233	-0.002859	-0.00152	-0.003905	-0.001277	0.005414	-0.000288	-0.00154	0.002412	0.000803	-0.001474	-0.003242	-0.000783	-0.000243
-0.001032	-0.00273	0.000802	-0.004567	-3.6E-05	-0.000876	-0.000595	-0.000927	0.000618	0.000519	-0.000762	-0.000422	-0.002261	-0.002796	-0.001378	-0.003743	-0.001144	0.005222	-0.000372	-0.001377	0.002293	0.00081	-0.001374	-0.00312	-0.000671	4.8E-05
-0.001025	-0.002764	0.00069	-0.004599	-1.9E-05	-0.000742	-0.000557	-0.000683	0.001158	0.000459	-0.000903	-0.000475	-0.002391	-0.002748	-0.001345	-0.00373	-0.001171	0.004637	-0.000391	-0.001355	0.002334	0.000762	-0.001506	-0.003158	-0.000479	0.000605
-0.001048	-0.002731	0.000545	-0.004649	-6.5E-05	-0.000762	-0.00069	-0.000754	0.001652	0.000407	-0.001042	-0.000585	-0.002419	-0.002812	-0.001596	-0.003644	-0.001323	0.004011	-0.000496	-0.001356	0.001936	0.000505	-0.001711	-0.003403	-0.000391	0.001436
-0.001086	-0.002691	0.000597	-0.00453	7.3E-05	-0.000564	-0.00048	-0.000511	0.002206	0.000414	-0.000859	-0.00047	-0.002343	-0.002796	-0.001512	-0.003314	-0.001142	0.003613	-0.000409	-0.001231	0.001888	0.000535	-0.001685	-0.00324	-0.000302	0.00256
-0.001186	-0.002865	0.00043	-0.004636	-0.000227	-0.000615	-0.000633	-0.000548	0.00237	0.000431	-0.000999	-0.000844	-0.002667	-0.002932	-0.001938	-0.003405	-0.001326	0.002835	-0.000672	-0.001394	0.001408	0.000223	-0.001999	-0.003414	-0.000409	0.003422
-0.000886	-0.002604	0.000514	-0.004455	-9E-06	-0.000124	-0.000359	-0.000303	0.002879	0.000606	-0.00075	-0.00054	-0.002244	-0.00263	-0.001827	-0.003146	-0.001004	0.002648	-0.000454	-0.001129	0.001309	0.000288	-0.001856	-0.003315	-5.4E-05	0.004111
-0.000935	-0.002788	0.000278	-0.004523	4.8E-05	-2E-05	-0.000118	-0.000325	0.002993	0.000614	-0.000677	-0.000712	-0.002344	-0.002695	-0.001953	-0.002974	-0.000747	0.002261	-0.000621	-0.001202	0.001092	0.000188	-0.001958	-0.003337	-2E-05	0.004196
-0.000928	-0.002843	1.5E-05	-0.004548	-0.000236	-1.1E-05	-0.000287	-0.000556	0.00291	0.000458	-0.000756	-0.000794	-0.00246	-0.002801	-0.002175	-0.00316	-0.000593	0.001757	-0.00058	-0.00121	0.000891	5.5E-05	-0.002148	-0.003478	-0.000212	0.003955
-0.00094	-0.002812	-0.00026	-0.004584	-0.000382	0.000153	-0.000302	-0.000679	0.002946	0.00054	-0.000703	-0.000747	-0.002511	-0.002758	-0.002292	-0.003102	-0.000369	0.001243	-0.000745	-0.001245	0.000703	-0.000127	-0.00236	-0.003502	-0.000236	0.003664
-0.000987	-0.002894	-0.00034	-0.00455	-0.000496	0.000251	-0.000142	-0.000783	0.002789	0.000456	-0.000547	-0.001019	-0.002411	-0.002826	-0.002258	-0.002968	-0.000583	0.00107	-0.000558	-0.001316	0.000542	-0.000112	-0.002369	-0.003586	-0.000211	0.003225
-0.000801	-0.002716	-0.000219	-0.004252	-0.000348	0.000495	0.000107	-0.00064	0.002808	0.000725	-0.000331	-0.000766	-0.002366	-0.002744	-0.002234	-0.002808	-0.000725	0.000875	-0.000395	-0.001136	0.000517	-1.8E-05	-0.002362	-0.003495	-0.000162	0.002857
-0.000846	-0.002951	-0.000373	-0.004541	-0.000323	0.000525	0.000192	-0.0008	0.002888	0.0008	-9.4E-05	-0.000846	-0.002302	-0.002649	-0.002218	-0.003071	-0.000924	0.000539	-0.000381	-0.001246	0.000552	6E-06	-0.002403	-0.003508	-0.000454	0.002371
-0.000913	-0.002941	-0.000521	-0.00459	-0.000381	0.000448	0.00024	-0.000846	0.002387	0.00063	8.3E-05	-0.001103	-0.002346	-0.002675	-0.002222	-0.003143	-0.001061	0.000329	-0.000539	-0.001395	0.000239	3E-06	-0.002533	-0.00361	-0.000571	0.001478
-0.000801	-0.002775	-0.00049	-0.004502	-0.000335	0.000569	0.000359	-0.000738	0.00216	0.000809	0.000557	-0.000971	-0.002273	-0.002627	-0.002354	-0.003057	-0.00099	0.00021	-0.000419	-0.001357	0.000153	0.000402	-0.002381	-0.003523	-0.000441	0.00095
-0.000912	-0.00288	-0.000504	-0.004592	-0.000417	0.000649	0.000224	-0.000522	0.001971	0.000852	0.000852	-0.001168	-0.002416	-0.002617	-0.002399	-0.003274	-0.001186	2.3E-05	-0.00062	-0.001549	9.8E-05	0.000361	-0.002421	-0.003696	-0.000292	0.000374
-0.000933	-0.002974	-0.000705	-0.004649	-0.00035	0.000457	0.000206	-0.000509	0.001696	0.000743	0.00103	-0.001266	-0.002438	-0.002958	-0.002481	-0.003749	-0.001351	-0.000285	-0.000648	-0.001767	8E-06	0.000459	-0.002517	-0.003743	-0.000389	-0.000123
-0.000838	-0.002767	-0.000687	-0.004478	-0.000215	0.00067	0.000365	-0.000386	0.001518	0.001135	0.001759	-0.000904	-0.002317	-0.002471	-0.002217	-0.003335	-0.001106	-8.6E-05	-0.000445	-0.001778	0.000126	0.000749	-0.002138	-0.003464	-8.8E-05	-0.000179
-0.000715	-0.002835	-0.000653	-0.004382	-0.000281	0.000601	0.000242	-0.000349	0.001451	0.001064	0.002092	-0.001097	-0.002225	-0.002733	-0.00239	-0.003563	-0.001073	-0.000282	-0.00046	-0.001979	0.000162	0.000785	-0.002114	-0.003486	-0.000113	-0.000391
-0.000546	-0.002778	-0.000689	-0.004421	-0.000111	0.000727	0.000283	-0.000116	0.001246	0.001091	0.002692	-0.001016	-0.002292	-0.002446	-0.002418	-0.003486	-0.000988	-0.000169	-0.000401	-0.002063	0.000311	0.001202	-0.001915	-0.003286	9.4E-05	-0.000331
-0.000476	-0.002635	-0.000561	-0.004306	-6.6E-05	0.000778	0.000428	0.000428	0.001006	0.001353	0.003041	-0.000931	-0.002191	-0.002209	-0.002285	-0.00365	-0.000837	-0.000152	-0.000278	-0.001887	0.00058	0.001264	-0.001004	-0.002911	0.000148	-0.000145
-0.000656	-0.002635	-0.000886	-0.0045	-0.000193	0.000538	0.000203	0.000123	0.000847	0.001242	0.00313	-0.001079	-0.002264	-0.00239	-0.00256	-0.00382	-0.000957	-0.00039	-0.000579	-0.001987	0.000512	0.001382	-0.000663	-0.002868	-0.000103	-0.000312
-0.000603	-0.002844	-0.000653	-0.004449	-7.4E-05	0.0005	7.6E-05	0.00029	0.000816	0.001474	0.003372	-0.001116	-0.002074	-0.00243	-0.002404	-0.003668	-0.00076	-0.000503	-0.000617	-0.002088	0.000629	0.001357	-9.2E-05	-0.002864	6.7E-05	2.7E-05
-0.000803	-0.002617	-0.000757	-0.004478	-0.000187	0.000615	8.3E-05	0.000249	0.000575	0.001447	0.003349	-0.000918	-0.002182	-0.00228	-0.002646	-0.00371	-0.000794	-0.000445	-0.000587	-0.002229	0.000941	0.001303	0.00039	-0.00276	0.000128	4E-05
-0.000465	-0.002552	-0.000888	-0.004382	-0.000271	0.000533	9.8E-05	0.000331	0.000789	0.001596	0.003507	-0.000909	-0.002046	-0.002366	-0.002458	-0.003464	-0.000842	-0.00039	-0.000611	-0.002077	0.001108	0.001437	0.000631	-0.00258	0.000227	-5E-06
-0.000426	-0.002481	-0.000731	-0.004125	-3.8E-05	0.000611	0.000108	0.000388	0.000564	0.001804	0.003248	-0.001004	-0.002027	-0.002164	-0.002417	-0.003159	-0.000576	-0.000462	-0.000542	-0.001996	0.001085	0.001448	0.001171	-0.002413	0.000355	0.000202
-0.000589	-0.00239	-0.000832	-0.004432	-0.000172	0.000566	3.4E-05	0.000254	0.000306	0.001759	0.002516	-0.000911	-0.002114	-0.002389	-0.002642	-0.002961	-0.000761	-0.000662	-0.000509	-0.002072	0.001501	0.001222	0.000853	-0.00243	0.000335	0.000216
-0.000742	-0.002398	-0.000922	-0.004378	-0.00027	0.000427	-0.000193	9.1E-05	0.000113	0.001781	0.002116	-0.000912	-0.002072	-0.00247	-0.002609	-0.002712	-0.000715	-0.000506	-0.000546	-0.00208	0.001617	0.001193	0.000583	-0.002338	7.5E-05	0.00016
-0.000651	-0.002418	-0.000915	-0.004275	-0.000166	0.000627	-0.000145	-2.8E-05	4E-06	0.00184	0.001942	-0.000915	-0.00186	-0.002284	-0.002446	-0.002395	-0.00077	-0.000595	-0.000436	-0.001989	0.001738	0.001252	0.000357	-0.002324	0.000193	0.00028
-0.000718	-0.002521	-0.000925	-0.00418	-0.000185	0.000582	-0.000113	-9.5E-05	-0.000127	0.001841	0.002096	-0.000668	-0.001901	-0.002341	-0.002508	-0.002047	-0.000748	-0.000438	-0.000628	-0.001957	0.001808	0.001131	0.000122	-0.002245	0.000207	0.000271
-0.000796	-0.002646	-0.001104	-0.004179	-0.000282	0.000404	-0.000473	-0.000336	-0.000243	0.001799	0.001799	-0.000701	-0.001983	-0.002162	-0.002522	-0.001924	-0.00078	-0.000571	-0.000545	-0.002149	0.001614	0.000891	-0.000398	-0.002219	0.000174	0.000334
-0.000793	-0.002618	-0.001019	-0.003938	-6.6E-05	0.000537	-0.000402	-0.000249	-0.000184	0.001857	0.001993	-0.000586	-0.0018	-0.002127	-0.002284	-0.001701	-0.00073	-0.000427	-0.000423	-0.002017	0.001649	0.000964	-0.000729	-0.002098	0.000266	0.000659
-0.000849	-0.002475	-0.000886	-0.003817	-4.7E-05	0.000542	-0.00053	-0.000175	-0.000258	0.001906	0.002066	-0.000583	-0.001663	-0.001832	-0.00226	-0.001674	-0.000612	-0.000319	-0.000441	-0.001907	0.001604	0.000864	-0.001212	-0.002114	0.000188	0.000784
-0.000896	-0.002525	-0.000615	-0.003768	7.4E-05	0.000545	-0.000632	9.5E-05	-0.00028	0.002057	0.002473	-0.00044	-0.001313	-0.001613	-0.002027	-0.001399	-0.0006	-0.000123	-0.00034	-0.001948	0.001547	0.000807	-0.001403	-0.002229	0.000371	0.001125
-0.000831	-0.002307	-0.000441	-0.003593	0.000151	0.000479	-0.000572	0.000425	-0.000122	0.002066	0.003019	-0.000429	-0.000665	-0.001417	-0.001721	-0.001404	-0.000609	-2.8E-05	-0.000279	-0.001643	0.001455	0.000767	-0.001534	-0.00222	0.00033	0.001428
-0.001115	-0.002621	-0.000448	-0.00381	2E-06	0.000433	-0.00083	0.000419	-0.000359	0.00187	0.003245	-0.000478	-0.000494	-0.001304	-0.001783	-0.001454	-0.000638	-0.000342	-0.000459	-0.001801	0.001197	0.000642	-0.001627	-0.002509	0.000166	0.001468
-0.001137	-0.00271	-0.000382	-0.003775	0.000116	0.000279	-0.000799	0.000584	-0.000119	0.001744	0.003363	-0.000414	6.4E-05	-0.00122	-0.001652	-0.00182	-0.000697	-0.000535	-0.000522	-0.001661	0.00092	0.000613	-0.001637	-0.002337	0.000103	0.001729
-0.000979	-0.002588	-0.000309	-0.003637	0.000375	0.00035	-0.000764	0.000804	0.0004	0.001797	0.003503	-0.000247	0.000573	-0.000915	-0.001212	-0.001727	-0.00052	-0.000309	-0.00046	-0.001382	0.000864	0.00051	-0.001608	-0.002325	5.7E-05	0.00186
-0.000959	-0.002477	-1.8E-05	-0.003669	0.000225	0.0003	-0.000838	0.000982	0.000635	0.001948	0.003608	-0.000263	0.00098	-0.000751	-0.000958	-0.001966	-0.000514	-0.000299	-0.000322	-0.001084	0.000763	0.000634	-0.00157	-0.002158	6.6E-05	0.002038
-0.00109	-0.00236	-0.000317	-0.0039	0.000275	0.000109	-0.000896	0.000731	0.001081	0.001699	0.003517	-0.000405	0.000933	-0.000637	-0.001077	-0.002191	-0.000805	-0.000349	-0.000417	-0.001251	0.000307	0.000498	-0.001749	-0.002311	-0.000268	0.001922
-0.001072	-0.0023	-0.000262	-0.003906	0.000137	8.8E-05	-0.001009	0.000566	0.001561	0.001714	0.003088	-0.00021	0.000882	-0.000491	-0.001046	-0.002525	-0.000697	-0.000295	-0.00059	-0.001186	0.000232	0.000452	-0.001632	-0.002164	-0.00036	0.002056
-0.000871	-0.001941	-7E-05	-0.003976	0.000456	0.000141	-0.000749	0.000607	0.00198	0.001821	0.002861	-3.1E-05	0.001022	-0.000108	-0.00046	-0.002607	-0.000617	-5.4E-05	-0.000333	-0.000869	0.000321	0.000534	-0.001555	-0.001841	-9.8E-05	0.00231
-0.000819	-0.001541	-0.000135	-0.003922	0.000524	0.000242	-0.000537	0.000562	0.002231	0.001771	0.002524	2.5E-05	0.001052	8.1E-05	-0.000588	-0.002885	-0.000669	-5.8E-05	-0.000181	-0.000487	0.000477	0.000744	-0.001472	-0.001605	-0.000278	0.002377
-0.000744	-0.001597	-4E-06	-0.003941	0.00052	0.000272	-0.000779	0.000323	0.002099	0.00174	0.002053	-0.000231	0.00077	0.000102	-0.00085	-0.003361	-0.000771	-0.000244	-0.000119	-0.000632	0.000489	0.000649	-0.001633	-0.001685	-0.000422	0.002189
-0.001035	-0.001556	0.000172	-0.004159	0.000545	0.000325	-0.000501	-9E-06	0.002039	0.001684	0.001617	-0.000123	0.000561	0.000197	-0.00103	-0.003441	-0.000733	-0.000237	-0.000146	-0.000432	0.000504	0.000759	-0.001543	-0.001582	-0.000391	0.002342
-0.000959	-0.001725	0.000382	-0.004178	0.000453	0.000403	-0.000589	-0.000253	0.001529	0.001574	0.001235	-0.000365	5.7E-05	0.000111	-0.001429	-0.003713	-0.000884	-0.000682	-0.000409	-0.0005	0.000609	0.000632	-0.001577	-0.001558	-0.000481	0.002284
-0.000781	-0.001175	0.000723	-0.004244	0.000573	0.000571	-0.000564	-0.000302	0.000946	0.001657	0.001009	-0.00029	-0.000256	0.000209	-0.001577	-0.003736	-0.000939	-0.000656	-0.000229	-0.000461	0.001035	0.000689	-0.001366	-0.001278	-0.00061	0.002157
-0.000791	-0.001088	0.000926	-0.004238	0.000613	0.000549	-0.000616	-0.000397	0.000569	0.001554	0.000207	-0.000401	-0.000678	-0.000228	-0.00171	-0.004032	-0.001246	-0.000981	-0.000514	-0.000615	0.001315	0.000625	-0.001253	-0.001241	-0.000734	0.002187
-0.000421	-0.000645	0.001188	-0.003806	0.000783	0.000764	-0.000304	-0.00016	0.000325	0.001736	3.4E-05	-0.000214	-0.000731	-0.000358	-0.001557	-0.003918	-0.0009	-0.000766	-0.000337	-0.000416	0.001901	0.000836	-0.000877	-0.000886	-0.000215	0.002402
-0.00073	-0.000433	0.000961	-0.003866	0.000695	0.0006	-0.000533	-0.000464	-0.000111	0.001647	-0.000152	-0.000329	-0.001235	-0.000741	-0.001915	-0.004044	-0.001205	-0.001119	-0.000655	-0.000642	0.002215	0.000691	-0.00075	-0.000894	-0.000333	0.002125
-0.00077	0.000102	0.001042	-0.003945	0.000919	0.000639	-0.000209	-0.000557	-0.000243	0.001356	-0.000113	-0.000285	-0.001154	-0.000834	-0.001749	-0.003952	-0.00115	-0.001194	-0.000513	-0.000766	0.002415	0.000591	-0.00047	-0.000973	-1.6E-05	0.001834
-0.000726	0.000629	0.001362	-0.003771	0.001148	0.000794	-2E-05	-0.000561	-9.8E-05	0.001448	-0.000142	-0.000267	-0.001178	-0.00066	-0.00197	-0.003996	-0.001245	-0.000959	-0.000474	-0.000805	0.00258	0.000796	-2E-05	-0.001326	0.000237	0.001725
-0.000549	0.001105	0.001376	-0.00378	0.001482	0.000722	0.000222	-0.000516	6E-06	0.001474	1.2E-05	-0.000234	-0.001104	-0.000676	-0.001885	-0.003949	-0.001145	-0.000724	-0.000419	-0.0009	0.002601	0.000982	0.000617	-0.001302	0.000565	0.001439
-0.00061	0.001488	0.001416	-0.00374	0.001675	0.000901	0.000413	-0.000529	7.6E-05	0.001295	2.9E-05	-0.000296	-0.001211	-0.000505	-0.001996	-0.003863	-0.001081	-0.000606	-0.000463	-0.000697	0.002435	0.001077	0.000899	-0.001783	0.000567	0.001164
-0.000551	0.001677	0.00144	-0.003645	0.002042	0.000949	0.000751	-0.000467	0.000241	0.001476	2.5E-05	8.3E-05	-0.001328	-0.000193	-0.001965	-0.00398	-0.000771	-0.000307	-0.000467	-0.000803	0.002397	0.001074	0.001198	-0.00196	0.000633	0.001083
-0.000604	0.001716	0.001493	-0.003367	0.002301	0.000864	0.00086	-0.000575	0.00032	0.001496	-0.000119	2.1E-05	-0.001287	1.2E-05	-0.002032	-0.004031	-0.000878	-0.000162	-0.000404	-0.001051	0.001939	0.001071	0.001578	-0.002084	0.00073	0.000895
-0.000515	0.001692	0.00133	-0.00344	0.002267	0.000833	0.000932	-0.000361	0.00015	0.00146	-0.000132	6.7E-05	-0.001481	0.000299	-0.002013	-0.003629	-0.000824	-0.000366	-0.000322	-0.000803	0.001694	0.001427	0.001813	-0.00219	0.00099	0.000768

